scene_id,rows,cols,split,vv_min,vv_max,vv_mean,vv_std,vh_min,vh_max,vh_mean,vh_std
00a035722196ee86t,24527,28715,train,-49.90625,30.4375,-9.92392470246244,4.850475786241645,-49.5625,22.546875,-16.95246505282817,4.787387000313668
014261f774287442t,21563,29606,train,-49.65625,31.515625,-20.25931024289824,5.8607909117563395,-49.8125,27.59375,-28.13461390805866,5.826658692664683
0222c037f32357b7t,26545,30399,train,-49.6875,29.578125,-13.695587091394623,2.164022449111004,-49.96875,16.203125,-26.33062925277214,2.8842017434668663
0229f98a344d7a5ct,21293,28794,train,-49.90625,31.3125,-13.112195250437994,3.750467819706438,-49.96875,26.703125,-25.87602135253414,5.753738587402112
02a23f3b5627213bt,22015,29739,train,-49.6875,32.0625,-24.133208002057554,6.231069755660338,-49.875,20.65625,-28.32856157470572,4.2496678277496995
030dfda192b77462t,21643,29561,train,-49.1875,31.609375,-12.86760801361586,3.3231698836861128,-49.96875,25.578125,-24.498570064486454,6.097882473783173
0469e65162c0b509t,22144,29783,train,-49.53125,30.53125,-17.86392435752679,3.1017994166294396,-49.90625,16.65625,-28.345829790107626,3.580030672849351
046f81a551344f8et,22064,29671,train,-48.21875,31.875,-10.64796697944036,2.642590135188676,-49.65625,22.40625,-26.89193785285593,5.01764747412622
04eaff94e7e1ac22t,21330,29398,train,-49.9375,32.96875,-14.070976329861217,5.261903622499325,-49.96875,22.96875,-23.20385620204076,7.6678722000058395
0529e724568c8139t,21554,29381,train,-49.8125,28.8125,-17.46312458255925,5.433769599852024,-49.96875,21.265625,-26.112235628641727,5.779561142702936
056b8a6c832e58b8t,24254,29238,train,-49.96875,23.734375,-25.089774025107893,5.1451042474161905,-49.96875,7.34375,-30.5527812544498,2.367735033422036
05ab6883bf6fff9dt,21613,28754,train,-48.125,23.234375,-14.116767123518576,2.8650307879249604,-49.9375,10.234375,-29.110941470177007,2.983521082942163
05bc615a9b0e1159t,22081,29783,train,-49.21875,30.78125,-14.3746334350096,6.453623650605972,-49.40625,20.984375,-21.436997529866538,6.51940224582551
05fe55bba83519ebt,21414,29725,train,-49.5,32.375,-11.19054754343451,2.513348903849571,-49.9375,19.9375,-26.954755481079555,4.617153684084935
060add30418568b9t,21282,28785,train,-49.78125,32.1875,-18.78393478324456,4.091352421120964,-49.9375,21.3125,-28.2371070613101,3.8498402390518187
066e06233b18a637t,21523,29523,train,-49.75,29.078125,-20.048107267674357,5.074470481187549,-49.875,27.953125,-27.270881134061167,5.452396503899179
06cc090e2b8254a0t,22015,29737,train,-47.375,28.75,-12.797685850229437,3.2260330113809554,-49.90625,21.28125,-26.69505323595316,4.438228016099501
0791adb6b1cef4f1t,24638,28810,train,-49.96875,31.625,-10.433205724256435,5.64421656992689,-49.96875,23.484375,-17.086399211339604,4.975933508813023
089f0b9da2bd9135t,21356,29386,train,-49.1875,31.421875,-13.534658036429,4.440229449350259,-49.90625,27.265625,-23.266552606657672,7.813267453535145
08f0d6cf1c6f8a24t,21861,29515,train,-49.5,21.953125,-14.129677037756666,2.2885124905279133,-49.9375,9.46875,-28.633571398071137,2.2427833411350226
08f46b67e01aa8bft,21566,29565,train,-49.625,17.0625,-21.72093370707825,4.0433661024966545,-49.90625,6.1484375,-29.175806965465917,2.371052323949659
095f2289c23951e5t,21971,28356,train,-48.9375,27.484375,-13.01174329871816,5.594052890836719,-49.875,18.578125,-20.415747206899642,6.115921816979902
0aba50e606eddffet,21852,29480,train,-49.84375,22.109375,-18.73620004249497,2.7278217320119285,-49.90625,10.8125,-28.98962951636213,2.378518302537156
0ba5769a0ba7ea4at,22015,29739,train,-44.46875,30.96875,-11.63708918487011,2.4389895029544673,-49.46875,22.8125,-27.12932556422574,3.841487672184145
0ba924e8cea5521at,21410,29618,train,-48.96875,32.25,-14.278949209953915,6.0929249974700905,-49.71875,26.765625,-21.662447056372176,6.983515400443209
0bf0a06609a9c0e8t,24634,28760,train,-49.9375,31.78125,-8.748861550310808,5.1942201189813515,-49.9375,22.625,-15.540604815668017,5.141623946634036
0d64d7c560136c46t,21503,28677,train,-49.84375,26.046875,-20.47354593279326,5.0418325699540985,-49.96875,23.984375,-29.60421110171159,3.817739769710056
0d7a0261c60d39det,22099,29385,train,-49.71875,33.65625,-11.893121809356925,3.9457793305203546,-49.90625,27.3125,-21.87279939919948,5.915607096257629
0db76c51a4705a03t,21458,29398,train,-49.96875,23.65625,-22.160336222250862,4.622903052472137,-49.96875,10.4765625,-29.406353738701117,2.404505003127195
0dd94a7b8484235dt,21467,29233,train,-49.65625,26.625,-13.06796905616026,2.4836188359903963,-49.96875,8.9296875,-27.899204626655987,2.328271690536526
0e89decdecef87f6t,22060,30124,train,-49.65625,31.6875,-18.45318163803554,5.207155239029374,-49.90625,18.9375,-27.402317134081883,6.39971462088571
0edb4a514cda2059t,21566,29433,train,-49.4375,24.75,-17.16490207086416,2.929354065973385,-49.8125,14.34375,-28.79772185345433,2.2239079077234747
10007119e443780dt,21554,29381,train,-49.96875,28.078125,-20.622323393059766,6.6858245235610605,-49.90625,21.109375,-26.566553595777584,5.511840564938133
103b0364a04ffb72t,24261,29239,train,-49.96875,31.0,-19.77866502059006,4.591353824928003,-49.96875,11.234375,-30.23695804889128,2.4511660628909615
10615061cd28e01bt,21293,28792,train,-49.96875,32.1875,-15.13279676139511,4.065627470613176,-49.96875,27.6875,-26.918294885126034,6.0661994210987285
1185066a6428bc12t,21700,29471,train,-49.28125,27.0,-16.66166706792027,2.8481751920105975,-49.90625,7.6953125,-29.038104376402213,2.360396840517401
134d7a7bbadd439dt,21282,28786,train,-49.84375,27.046875,-17.20776927954773,3.231965712295101,-49.90625,24.171875,-28.236703614942332,3.7296405421011434
148eb0604dc27f81t,21241,28818,train,-49.9375,27.21875,-18.97807984733319,5.7184167473944685,-49.96875,19.328125,-29.078214608523925,2.596326345078291
14b244680afe447ct,21481,29591,train,-49.875,32.15625,-13.604661494373918,3.546351489937647,-49.96875,28.859375,-24.934334286470147,5.92470598473682
14cf98f55e11ff77t,21241,28818,train,-49.8125,20.4375,-16.95918363353161,2.619705880074645,-49.90625,6.69921875,-28.910420332167813,2.2469237661616677
14fd3a1d7421adc3t,21700,29471,train,-47.125,26.5625,-13.075116825229445,2.5050635356084374,-49.875,13.140625,-28.508420171117407,2.2373957278267205
155dfbd96eb4d17ft,22056,29601,train,-49.96875,33.40625,-17.97245984793145,5.510645434562662,-49.96875,20.6875,-24.789215625397404,5.468432078171631
156845d347e67d21t,21224,28772,train,-49.59375,27.203125,-19.725694569632484,4.84230629570928,-49.90625,9.46875,-30.178500501984775,2.5323089810826165
15c5f80e44c85aedt,21769,29368,train,-49.875,25.734375,-23.03508306685695,4.558530146870981,-49.90625,9.28125,-29.0700503374782,2.411829160407643
15f54b14e9f30002t,24533,28715,train,-49.25,33.0,-9.347606555017267,4.352965044617208,-49.65625,19.71875,-16.48894803371607,4.841218485315927
1630d57d3094f376t,21420,29479,train,-49.15625,30.921875,-17.99449581193625,3.5631451413798714,-49.875,24.84375,-28.731681388731953,4.6916107958499005
17154479bdaed9d6t,21282,28789,train,-46.8125,30.59375,-8.833791399335016,2.5541169814485247,-49.90625,23.359375,-25.213524256419348,3.199241772434354
1723551816981769t,21536,28842,train,-49.90625,32.375,-16.63155834615009,6.5423478414655065,-49.96875,23.90625,-24.405827496933195,7.110359882102724
1832091c9c3235cct,22017,29744,train,-49.71875,29.234375,-13.242702831889071,2.7802146842200615,-49.96875,22.0,-27.481995474298007,3.944479984927754
18eae763f0fb9da6t,22064,29667,train,-49.8125,30.40625,-16.45911033327615,3.3715194281403367,-49.9375,22.0,-27.93055205535139,4.988856568164819
19619a997bc1c69dt,21832,29930,train,-49.84375,30.359375,-12.946123161986508,2.9433688476096433,-49.9375,13.203125,-28.315592323815594,2.929274299452562
1a28df2c4f294a32t,21942,29911,train,-49.84375,33.25,-20.52274806117078,6.449944978760824,-49.90625,21.9375,-26.999450116223382,5.2191853538129
1a78d90e54c8fceat,21281,28790,train,-49.53125,31.421875,-16.13731149656706,3.7370390841863763,-49.9375,22.28125,-28.04543608551856,3.804857885113985
1a8fb9a0310267c2t,22598,30218,train,-49.0625,32.25,-9.01898970263098,2.342609684608113,-49.9375,10.5390625,-25.53751291551136,2.4674373282258406
1b24d3aa597c472dt,22232,29915,train,-49.03125,31.640625,-12.439819467476664,5.10203990233438,-49.90625,21.609375,-20.23985235858466,5.699188097907936
1b576e404a94347ft,21564,29600,train,-49.8125,29.328125,-23.130171928983195,7.480526041956123,-49.90625,27.546875,-27.893176298516636,5.8334362682219085
1b9cde9b15c8de8dt,22015,29737,train,-49.5625,28.703125,-10.918815003228396,2.7478558662875425,-49.96875,21.140625,-26.4969348436179,4.050303830323754
1c4647cd277daa4ft,21356,29388,train,-47.90625,31.109375,-12.127470298859159,3.5504560111576917,-49.6875,26.59375,-22.063710833122297,6.601895106624843
1d524c9710c4a63dt,24827,30239,train,-49.96875,12.5546875,-26.036142334872142,4.4617843666873265,-49.96875,-0.65234375,-30.04094479233637,2.4680771437920934
1dc96ae2d71da600t,21282,28786,train,-49.96875,27.734375,-21.37101721304619,4.782350206680693,-49.96875,24.203125,-28.22287916343573,3.8551610236337757
1e609174508bdc98t,21553,29375,train,-49.90625,26.90625,-22.564348853570557,7.440318403124212,-49.96875,20.84375,-26.386916499267898,5.629877465658387
1efb6ea530bdaf60t,21942,29911,train,-49.53125,32.625,-14.173149768094214,3.990735685845159,-49.90625,22.4375,-26.529643374236727,5.172418647182352
1f1ef57de714f5c2t,21587,28592,train,-49.90625,31.40625,-20.79402951141888,3.4101098550822364,-49.9375,23.9375,-29.731834683285527,3.3528465422371827
20c5257d1ce48655t,22224,29872,train,-49.875,30.796875,-12.490609514166474,3.9728470551007655,-49.96875,21.78125,-21.16584598031074,5.45296945975254
21aa0c9005f6cc48t,21828,29619,train,-49.65625,17.75,-14.896348233991022,3.052430757811998,-49.96875,9.5859375,-29.159598156744597,2.4747808336702395
22894e4b86d1ded4t,21849,28887,train,-49.96875,27.140625,-24.04776443937758,7.267230460711127,-49.96875,23.484375,-28.88882135557558,5.141326099251531
2398ea5e6161fce1t,21660,29535,train,-48.375,33.90625,-12.37650151817307,2.5772514364617938,-49.9375,21.328125,-24.837483308313356,5.446177368659442
23b7870dac4a7d1dt,21414,29727,train,-49.875,33.03125,-10.04747348583504,2.9712033588795137,-49.96875,20.625,-26.61192230671228,4.34740176261777
242dfb16966f7a22t,21659,29530,train,-49.96875,33.90625,-17.269201546900568,5.066227691281727,-49.96875,22.203125,-25.76300429482782,5.155414284404004
24ffe6419e6a555ft,21280,28788,train,-49.96875,27.140625,-22.735051770180657,5.958643883887959,-49.96875,23.6875,-28.45205240898184,3.830922009741907
25285dd4a014196et,21414,29726,train,-46.25,33.59375,-10.699595901626903,2.5221723004611767,-49.84375,21.234375,-26.90390554999315,4.4101966357580755
25448a2c04b3b3adt,21675,29578,train,-49.6875,31.578125,-18.396300229921405,2.955426729676347,-49.96875,16.328125,-29.895397133069537,2.402468935450196
259bfaadbd205fd6t,21885,29608,train,-49.59375,33.6875,-12.22848430808781,4.080195587265215,-49.96875,23.8125,-23.479468732193993,6.640615841048327
25b647117570170et,21282,28789,train,-49.5625,27.34375,-13.693668877098856,3.1205035167502677,-49.875,22.53125,-27.948061540305922,3.739352528998323
26747d479201b01dt,21611,28760,train,-48.96875,24.28125,-11.212983480597863,2.52944877829855,-49.9375,8.59375,-27.13959812434231,2.9358576978488853
26aeea063185784ft,24531,28717,train,-49.46875,32.875,-9.171124372695067,5.098744226248037,-49.90625,19.578125,-16.111570836336316,4.842978267152618
26e37b1a179bf806t,22146,29784,train,-49.75,29.609375,-15.630147379994115,2.579991279363177,-49.96875,15.7109375,-28.32873946245106,3.600176700705918
27365130efc9044dt,21852,29480,train,-49.9375,31.328125,-18.848008148730575,3.0795148723333035,-49.96875,10.1875,-29.11588207388317,2.3713837665355877
2757e53eccea715dt,21624,29672,train,-48.6875,31.609375,-19.87765377271695,7.506644547903181,-49.96875,20.046875,-25.247497003654964,6.810202662531633
281b452fd630e5edt,22048,29829,train,-47.8125,32.65625,-15.267450616485352,3.7934259333855653,-49.6875,17.078125,-26.028730508530824,5.833070032789497
2899cfb18883251bt,21491,29422,train,-48.125,30.0,-19.89546920918799,8.719421964143157,-49.78125,18.671875,-24.769237624820747,7.211762359693549
28faafcae2ac2ea9t,28401,30194,train,-49.78125,21.9375,-13.721574502656486,2.7415691629956065,-49.96875,6.84765625,-28.697547515755716,2.2977178350716754
28feb275233b93e6t,21281,28790,train,-48.15625,28.5625,-12.072339086348302,2.8912137793863675,-49.90625,21.921875,-27.20332402358056,3.7707135591643866
298cc8fe01c22ffat,21293,28792,train,-49.1875,31.140625,-16.709666404586297,4.420552248474433,-49.96875,26.90625,-26.61079927514442,6.001087510823107
299e4401a2311732t,21973,28356,train,-49.78125,27.296875,-13.578562297881847,6.584608933194608,-49.96875,18.84375,-20.21951722529524,6.309853895023179
2a96e1e4747841a5t,21411,29721,train,-46.5625,32.0,-13.366574281365065,2.745760015408495,-49.71875,21.578125,-27.784018138390394,4.528950745455569
2ae2b77095e9e6eat,24648,28760,train,-49.96875,32.0625,-8.696955192393515,4.853290726774904,-49.96875,22.203125,-15.556604650121647,5.053821612413394
2cbcc7123f0abf01t,21597,29488,train,-49.96875,33.34375,-18.52568971742976,6.855726662207532,-49.96875,19.703125,-24.309857894398625,6.209690843541416
2dbf62ac709047c5t,22098,29323,train,-49.96875,34.28125,-14.461156626654398,5.42033877945029,-49.96875,28.65625,-22.91779068363257,5.399588953063299
2e65e3387885c951t,21969,30197,train,-49.5625,31.375,-11.023604957241199,3.5623957581310175,-49.96875,23.9375,-24.32888789882415,6.252619324117082
2ef89b1ed1b11bc6t,21770,29365,train,-49.90625,22.359375,-16.553850786370482,3.513662974440583,-49.96875,8.203125,-28.95240843061027,2.395765742471313
2f53eb6658f5d979t,22233,29921,train,-48.9375,33.125,-13.692005214816392,6.834627406943761,-49.0,24.59375,-20.274610109713976,5.778723170575038
2fd149a7a74e44e2t,21682,30106,train,-49.78125,33.21875,-13.009157907959658,3.6919831597475534,-49.96875,23.46875,-22.97605208926164,6.70251825352389
315377bda67c474ct,21913,30077,train,-49.78125,31.75,-22.741570311613476,7.746118686471087,-49.9375,16.875,-29.509143002486944,3.6721282368491837
31aa116cf4206abbt,21457,29394,train,-49.25,27.15625,-17.700933121155717,3.3751683353788526,-49.96875,7.8359375,-28.889180682560042,2.3816910123576367
3225958292ca7026t,22185,29746,train,-49.96875,22.40625,-19.070385767334948,3.0918802161156123,-49.96875,5.3125,-30.123764550138635,2.4400213222378517
32757383221a9c49t,21498,28980,train,-49.875,31.40625,-18.732209696744544,6.444484823891013,-49.96875,16.75,-26.519172196841684,6.736857308242509
32c92937954b0298t,24754,30055,train,-49.875,28.265625,-16.720939712018183,5.1826171155168055,-49.9375,20.109375,-26.93558869282852,4.294203092401352
3363a2f83f62fa6bt,21971,28356,train,-48.0,27.375,-12.786568574921338,5.729644778661802,-49.8125,17.875,-20.18235426643056,6.351246186898911
343a331c9517d53ct,21411,29721,train,-49.84375,32.40625,-16.83804049672582,3.395876751287147,-49.9375,22.5625,-28.16987088285939,4.533014132595462
34e1b52fd1e409bdt,22054,29897,train,-46.9375,32.28125,-12.911263679078075,3.2613425599996595,-49.96875,27.859375,-26.292407300838907,5.505451152654119
34f6ce4f7673ea6at,21848,28885,train,-49.96875,26.0,-19.82208573935825,5.68005969021479,-49.96875,23.640625,-28.797122967319808,4.959896436124032
351c9bfded60c563t,21624,29672,train,-49.34375,27.734375,-20.01126183958273,7.873782757056222,-49.71875,20.515625,-25.39579332660548,6.493408047860434
356a255bd8e6ba21t,21625,29675,train,-48.71875,26.578125,-16.155593018732702,5.305264499826145,-48.84375,20.703125,-25.249744496263503,6.39517119409307
35792973ba73187et,21973,28356,train,-49.90625,26.875,-12.64803290455045,5.264287252170536,-49.96875,17.359375,-20.460130526374424,6.206004378594975
35fe8844d3cf8e90t,21503,28675,train,-49.84375,29.71875,-20.713771134452834,5.2813598800550485,-49.8125,24.03125,-29.394217826941734,3.906979367157876
36ca6b0a73c90d7ft,28403,30194,train,-49.96875,26.46875,-21.012303496886652,3.684116678513982,-49.96875,7.8828125,-29.26729906242192,2.3896486253291447
36f65996e2b0c370t,22184,29743,train,-49.6875,28.671875,-14.942308864243447,2.3214340752821276,-49.96875,5.04296875,-29.638922260969043,2.420429344070489
376ccdadb72ceb7ct,21706,29694,train,-49.875,32.03125,-20.57653311200344,7.914567538831082,-49.78125,25.640625,-26.38686006694595,6.911710641365353
3797ba64b199e86ct,21525,29622,train,-49.25,32.28125,-18.99334210761048,3.4876470041972913,-49.875,17.0625,-29.912494816092444,3.1612584805675303
37e433b85b129c58t,24260,29244,train,-49.96875,28.375,-20.723733656321883,4.576465295933812,-49.96875,8.4375,-30.457408876620722,2.357560019096638
38cfc7bccd4a425ft,21690,29646,train,-47.40625,34.15625,-12.612023366807309,4.378431151571373,-49.8125,33.21875,-23.007759193745123,7.228249762001574
38f9472cabab9764t,21329,29400,train,-49.90625,32.28125,-14.722227890223987,4.944694532404308,-49.96875,22.453125,-23.368479770075773,7.049804797116434
395dcf560a56ff39t,22185,29748,train,-49.0625,18.953125,-14.887032862305212,2.123873667810144,-49.9375,5.66015625,-28.15702789636879,2.052463176595882
39a6368f2a05dad4t,22015,29739,train,-49.8125,30.265625,-16.671214820954894,3.3389146099111278,-49.96875,21.28125,-27.897959629030623,4.1100226348593685
3a59308f69e588d4t,21330,29398,train,-48.28125,32.75,-14.615704457853955,5.128278401942755,-49.96875,24.0,-23.19990139618168,7.2270163350534125
3ad5477688c0f037t,22186,29743,train,-49.96875,32.15625,-19.34652286782365,3.9914271831860866,-49.96875,6.87890625,-29.981460197414563,2.525137511932229
3b284508384960c3t,21814,29333,train,-44.5625,32.03125,-10.911113640621819,2.869255490304309,-49.6875,25.234375,-19.56768377913286,4.985205978905621
3b2874f0b35f43e1t,22014,29732,train,-49.53125,27.4375,-17.39835638831745,3.3194469676674063,-49.9375,20.328125,-28.32749025880847,3.9269896962429587
3bb75810a96a5310t,21411,29719,train,-49.40625,31.890625,-16.946386677344094,4.024263520167829,-49.9375,21.59375,-28.261673086129036,4.597013017884998
3c895133d30df79ft,21973,28357,train,-49.84375,27.75,-12.41685671665914,5.701533916207219,-49.96875,19.109375,-19.90955385268074,6.488818137021025
3d1beb1c19e1fa0ct,21566,29509,train,-49.34375,24.953125,-17.066204149423715,5.346313072121287,-49.6875,21.53125,-26.74424059453901,6.318065048017189
3d4088738ad96e2ft,28412,30197,train,-49.96875,22.78125,-19.710889902082062,3.9736959611551583,-49.96875,8.7734375,-29.385627956816908,2.397870490159673
3d6d9b174ccae548t,21290,28789,train,-48.21875,32.4375,-11.407161576147885,2.9160003599822906,-49.9375,27.6875,-26.12012593685648,5.51549143186163
3dc5d0203f3e93cct,21456,29391,train,-49.8125,25.71875,-19.652091196155432,2.9279754758136014,-49.9375,8.9140625,-29.280378451652584,2.366232985884673
3dff8354d244a4b1t,24516,28674,train,-49.75,29.1875,-16.112030218834466,6.103247335156353,-49.875,19.453125,-24.451411957892237,6.933767835963315
3ee4437aceebd62at,21425,29525,train,-48.0,31.6875,-16.316881536294986,3.5015360255109167,-49.6875,23.25,-28.76753493246683,4.647455989913105
3ef755faadd6cc14t,21913,30083,train,-49.96875,32.75,-20.39952557705766,3.5394414315212117,-49.9375,16.4375,-29.66544149148704,3.5599704450373912
3ff1ba62d8d3fe15t,21890,28202,train,-49.625,24.890625,-19.749355416411174,4.128035934234221,-49.875,12.96875,-28.17335323505199,4.166282893353356
3ffac35c219ec78dt,21503,28677,train,-49.96875,27.359375,-19.169648997560554,4.693600125779422,-49.875,23.03125,-29.40361444901498,3.8705825814887023
403fc53a4997293et,21425,29527,train,-49.46875,31.984375,-21.904139381858773,5.8239393681137726,-49.96875,23.421875,-29.125585547977387,4.960245334609963
41487f7fc75d4061t,21675,29572,train,-48.96875,25.125,-17.981668718669045,3.149316741510585,-49.9375,19.34375,-30.257882389556944,2.4502947055829005
41f1d693b803e19bt,24830,29458,train,-49.84375,32.5625,-14.385325422145103,4.761929290319905,-49.96875,33.46875,-24.970040638434483,5.291923249299224
425980ed6b6bcd2dt,24520,28676,train,-49.90625,32.59375,-14.779232553615108,6.528837577594856,-49.90625,20.9375,-23.78497728954169,7.144459195309202
42b157923b7a27e5t,18895,28151,train,-49.96875,24.984375,-19.84995210418624,4.704937076198681,-49.96875,21.109375,-28.526376929258106,3.05862734809701
43a358383ba8a35et,21414,29725,train,-46.75,32.0625,-11.254155406372844,2.5859072233821947,-49.84375,20.59375,-26.3038564059195,4.246779200175604
4455faa0cb4824f4t,21633,29532,train,-48.65625,31.203125,-12.059101119787982,3.801460482936957,-49.90625,29.890625,-20.285939818473302,5.3995952632899105
4518c556b38a5fa4t,21892,28202,train,-49.90625,26.734375,-20.594518420375024,4.6308975227833775,-49.96875,12.765625,-28.30411055339507,4.186588789194812
456e5e6bdb01f8cbt,21536,28838,train,-49.90625,31.828125,-15.66941594167714,5.739100590350535,-49.9375,24.765625,-24.540275042646414,7.071941830415567
4619be5cc8f8efa2t,22105,29324,train,-49.96875,28.90625,-20.86212916572518,8.383735546709236,-49.96875,20.15625,-26.20623424430467,5.231762103089074
46354a5328752264t,21280,28785,train,-49.96875,27.265625,-18.50772429678097,3.8007509420898353,-49.96875,22.234375,-28.306899857438868,3.789999488448267
499f55afff1504e4t,23280,28981,train,-49.96875,20.015625,-21.265299412674537,2.713294793448786,-49.96875,14.6796875,-30.198736975190904,2.460928952031025
4ae61dece54a1ffat,21680,30099,train,-49.875,33.28125,-15.972047934504703,4.886795048273422,-49.96875,25.0625,-25.845775550764703,5.5386819693781
4bf6c82ef5130dabt,21896,28186,train,-49.9375,28.765625,-17.97450316278096,3.8832409921496964,-49.96875,17.3125,-28.395083189023392,4.294478800555124
4c4af230613862fat,21355,29454,train,-49.6875,31.9375,-12.078600020650269,3.4129581546931034,-49.90625,24.515625,-21.321744715787812,6.134371782052194
4cb65eef4af658c0t,21536,28838,train,-49.96875,30.109375,-18.592235448269438,7.713980463887348,-49.875,24.0625,-24.388256564639516,7.06132923271378
4cc85a40bffc135et,21624,29673,train,-48.59375,33.28125,-19.431734497926616,7.7312504100536055,-49.375,20.359375,-25.311655573305828,6.352463721078743
4e0d962071553392t,24270,29240,train,-49.84375,21.984375,-19.19150468113876,3.664227300237016,-49.96875,11.2734375,-30.047604403848993,2.500174774470168
4ebe766859ba886et,22014,29733,train,-48.375,27.6875,-15.288429218673542,3.459079848287926,-49.90625,21.15625,-28.14106839101923,4.081774311136368
4ed8885dcab1951at,21281,28790,train,-49.9375,30.453125,-17.396647528977724,4.678095820527548,-49.96875,22.609375,-28.169416947081082,3.8015065175237615
4fdb5a85e9e35df2t,21768,29366,train,-49.90625,26.71875,-20.172477957026135,3.156195326755993,-49.9375,6.3828125,-29.189423022490512,2.401059519047488
50008c4857597ff9t,21965,30217,train,-49.6875,32.84375,-17.92424130930088,6.063110233102422,-49.8125,22.359375,-25.794207671385188,6.148616436075167
505b7c1351cfc23et,21770,29365,train,-49.90625,26.640625,-19.12372391478285,3.134599016153016,-49.8125,12.125,-29.141708293401667,2.424207456604992
50f39eee83812d56t,22065,29694,train,-49.0625,31.171875,-13.977827112329972,5.635138582132125,-49.8125,19.890625,-21.977888800381066,6.758371154473604
520531f7bd49af0at,21769,29370,train,-49.8125,20.6875,-20.46322401340829,3.974597598137988,-49.90625,16.125,-29.245853689258094,2.4066882842377004
52d56395768fb8a7t,22224,29869,train,-49.25,31.375,-10.821518804325367,3.5838925319495623,-49.90625,21.515625,-19.827737632797824,5.320557188332101
53b7f8d891f5eeb9t,24535,28719,train,-49.75,32.8125,-8.848373838809971,4.990555432836549,-49.8125,20.171875,-15.685287532659041,4.963211180116083
541b3cd4b325ed80t,21456,29391,train,-49.21875,32.90625,-19.88181107302704,3.944104288276706,-49.8125,18.796875,-29.226861900031096,2.408142416784547
541e463a617cc648t,21633,29671,train,-49.46875,29.359375,-15.641423037637832,4.948969548068133,-49.875,20.515625,-25.33002631744938,6.495376157595128
5424f99dfa42740bt,21896,28184,train,-49.84375,32.0,-18.165863663945263,4.085918458972608,-49.75,18.375,-28.279077803311818,4.298511302683538
54be1401e87a5342t,22526,29971,train,-49.15625,27.328125,-21.976846912588833,7.058521143159477,-49.875,24.671875,-27.53421310914843,5.217025708746926
5520b576b9ec01cbt,28402,30190,train,-49.96875,25.953125,-20.612548780049195,3.5721837599318347,-49.96875,11.046875,-29.34443372115155,2.3982793789427554
560196fa56af9f03t,21971,28356,train,-49.625,29.40625,-11.094572429795708,4.532792690388429,-49.84375,18.34375,-19.926416273213242,6.623764748162282
565d6f57aa924329t,22144,29785,train,-47.875,29.703125,-12.719137340152077,2.6482075921905914,-49.96875,20.28125,-27.732009082172254,3.8027611440070777
56845bb84513029et,21451,29358,train,-49.78125,28.828125,-24.114264365995105,4.631293013749289,-49.96875,13.3046875,-29.273443618393763,2.3926130028226984
56c3ffef51f41c4ft,21292,28789,train,-49.84375,32.25,-19.225042073194263,5.778914899273725,-49.96875,27.5,-26.835607697728854,5.852290580532363
578ae5a86cca4a1ct,21455,28734,train,-49.96875,25.984375,-22.19235621683139,3.4122624956894643,-49.96875,8.65625,-30.162377290920695,2.4337424129098486
58506c1164d53d58t,18886,28148,train,-49.9375,26.09375,-15.942399883688822,4.904603671934453,-49.96875,20.984375,-27.85454580593148,3.4512009761996776
58b5df0f62fe4095t,22527,29975,train,-49.96875,26.390625,-16.938402821317855,4.335543774199626,-49.96875,24.390625,-27.501442564088777,5.066335717695081
58befc0e74207bb0t,22066,29607,train,-49.96875,34.375,-16.629727763131953,4.437823536203749,-49.96875,20.96875,-25.32702603063108,4.997880541187302
59956f169e0bef5ct,21484,29280,train,-49.8125,32.125,-19.750035478158928,5.855349851694292,-49.90625,23.609375,-27.49883804863986,5.525597812571135
5b08c2518d12f428t,21663,29528,train,-49.71875,13.0234375,-20.019256444672482,3.163977773087488,-49.75,1.044921875,-29.135974124025424,2.3696506363263325
5b1ba006587b2719t,21418,29480,train,-49.25,30.9375,-14.93542521090545,3.4360616604265353,-49.96875,23.4375,-28.734556705784797,4.706375632881783
5c0b8bc182426e9bt,21282,28786,train,-49.84375,27.46875,-19.52594057503469,3.6378510388111787,-49.96875,24.90625,-28.342677087760038,3.7662956145251916
5ce96ac4b9d96771t,21439,29689,train,-49.8125,33.0625,-19.950547824971203,9.111643095026329,-49.6875,25.96875,-24.617241160028275,7.3997999966351165
5ce96b81f98e10b1t,21440,29693,train,-49.90625,32.5,-13.92558325990824,4.4768819164361515,-49.96875,24.8125,-24.267619656895413,7.414103558881248
5d45cb2dc3c48d8bt,22146,29786,train,-48.21875,27.109375,-14.024752220780702,2.973997562802176,-49.75,21.671875,-28.0159648557272,3.8207996033948812
5d7acea796201046t,21890,28202,train,-49.9375,33.46875,-19.296398768268677,4.258303849141911,-49.96875,18.0625,-28.124907947767827,4.19042597681654
5d82450b8170a3f6t,21439,29687,train,-49.28125,31.890625,-16.504228893968605,6.439651850145624,-49.78125,24.53125,-24.3950625035264,7.456198896972634
5d84646dd926df6ct,21597,29486,train,-49.53125,34.0625,-18.182359143608537,6.523111502796495,-49.90625,20.890625,-24.492416930344636,6.061643782732135
5d959d196231886ft,22185,29744,train,-49.5625,25.84375,-17.584196665912113,2.3184339679219996,-49.90625,11.328125,-29.72335913787145,2.354800693939592
5dcbc770ae8216f7t,21938,29609,train,-48.53125,30.890625,-15.680731946130667,3.2874209663180247,-49.90625,16.15625,-27.847074818059788,4.415165518209942
5de8db290dd3c22at,21680,30099,train,-49.96875,33.4375,-20.670529862483786,8.48955256365806,-49.78125,21.265625,-24.966909196727336,6.012320914822334
5ef47cf7f8f5bd2bt,21564,29809,train,-49.46875,32.96875,-13.57599550852449,3.407021993682175,-49.9375,22.3125,-23.660374496352336,5.20994491994448
5f2c3095128d4642t,21833,29932,train,-49.96875,31.125,-20.770209663227526,5.120594759431059,-49.96875,12.640625,-29.024648765949998,2.887964321445672
5f94185c147336bbt,21851,29479,train,-49.6875,19.8125,-20.18907140611639,2.7120415959611917,-49.90625,7.27734375,-29.038578264038797,2.3366295933515877
5fda68bfd1c4a4b9t,21624,29315,train,-49.375,32.5625,-13.272359860814541,4.493544375178469,-49.875,24.84375,-23.081687888363817,6.386156760628757
60d88e85dd804048t,21504,28673,train,-48.65625,26.390625,-15.474347725017193,3.0835921862787976,-49.9375,25.65625,-28.48657094568735,3.6301179279029703
611e0030483c714bt,21937,29605,train,-49.90625,29.9375,-19.237961680300007,4.862685439154498,-49.96875,18.25,-28.905866027849427,4.3731653614706945
61b732b793693dddt,21406,29617,train,-49.21875,32.96875,-14.187476388313547,6.114912243998202,-49.9375,25.921875,-21.358197332889034,7.246490981382026
623fc1923a45f720t,21927,29083,train,-49.96875,30.6875,-16.014790128634,8.42545456977376,-49.96875,29.953125,-21.271805678962817,7.010734573680016
629daf78f46a9d88t,21706,29695,train,-49.875,32.375,-13.011553517178934,4.456255665641967,-49.96875,23.9375,-26.01600937491645,6.7269175882917045
6399551ff091c08dt,21845,29499,train,-49.15625,31.359375,-14.69670418169655,2.6860991628429267,-49.9375,11.3203125,-28.778126142550168,2.4107693184585077
63ad51bc14ca8b5dt,22223,29864,train,-49.625,30.890625,-12.765968469730856,5.8693770976599735,-49.90625,21.921875,-19.475325376137626,5.5115388796642835
64e674072952e056t,21942,29911,train,-49.78125,33.4375,-15.636681333262384,3.5377837307552378,-49.96875,22.34375,-26.6573700305707,5.430516324941657
6520e198cf82c335t,22526,29977,train,-48.59375,27.53125,-14.137025316404289,3.2852917455342707,-49.9375,25.25,-26.095863234250007,4.997796053553329
662ae46aea259849t,21827,29619,train,-49.6875,32.5,-13.37251185129359,3.965831713103554,-49.96875,14.0078125,-29.1778083701466,2.6120100258888974
6639ab26d7492c23t,22594,30151,train,-49.46875,28.515625,-16.407332480380628,4.498331740503668,-49.96875,21.6875,-26.62912479665647,5.61435690049251
66c3f99ab4d73753t,21323,29363,train,-48.9375,31.609375,-13.346457235603378,3.8167270319186923,-49.8125,24.21875,-23.086081219190074,6.677890518159131
66c82cfa6336aca3t,21552,29381,train,-49.8125,23.5,-19.429270274365095,6.322327432109709,-49.875,21.53125,-26.40533237078046,5.49731535586884
68131f10aed5c5a2t,26545,30397,train,-49.875,31.328125,-18.551833680739854,3.356600333331252,-49.96875,14.3203125,-28.288788092791815,3.701376867404147
685b99498b7f238at,21290,28789,train,-49.6875,32.53125,-14.283481118690132,3.3041829249351355,-49.96875,28.21875,-26.512715984809294,5.839512170775069
689303f07e882115t,21699,29468,train,-49.96875,25.421875,-23.3397146095024,5.024917643108485,-49.96875,9.75,-29.339513013876875,2.403791385742264
695846e152fac09ft,21346,29355,train,-49.40625,33.15625,-15.462609928291993,6.621442869541841,-49.71875,24.859375,-23.397670765413807,7.954283808775109
6b048fa8c6026113t,22063,29665,train,-49.65625,29.5625,-15.413630360086572,3.113761507170166,-49.96875,20.90625,-28.20099439111138,4.998523566394103
6b9ebb042f62284bt,24512,28672,train,-49.875,30.34375,-16.611128078882864,6.603869863508709,-49.90625,20.8125,-24.379465595150283,7.035145570736545
6bcb8721cdabfe60t,28387,30186,train,-49.78125,24.5625,-11.252501577988147,2.4567959501836567,-49.96875,10.0078125,-27.450067988758665,2.3839636988710025
6c6d4eeb85912ebbt,21427,29528,train,-49.125,29.5625,-13.411456503734664,2.9261360639253047,-49.90625,21.296875,-27.315830252127544,4.342013201414154
6c8db47df2fe48edt,24541,28717,train,-49.4375,32.21875,-8.439175561106559,3.933612353216144,-49.84375,19.1875,-15.813363793485012,4.855080373999644
6cac412d082f3545t,21224,28769,train,-49.75,22.0625,-17.590256650917308,2.770747618014814,-49.90625,9.625,-30.161790414715067,2.369246505593384
6cb73d04ce974f63t,21439,29689,train,-49.75,32.90625,-17.994449103882538,7.9550981059623815,-49.96875,24.953125,-24.55302555104574,7.560455894208246
6cc6c82d8ea7ee70t,21565,29815,train,-49.96875,34.25,-14.80497819460762,5.350553159429325,-49.96875,22.171875,-22.98442321149402,6.5486469586506875
6da0738aeb51c853t,21659,29528,train,-49.96875,33.0,-17.033190513909858,5.228915458874596,-49.9375,22.4375,-25.884908950709285,5.16569863082754
6de3dd8d23684472t,22148,29807,train,-48.5,27.125,-13.80004574525432,2.7284630583953677,-49.96875,17.515625,-27.703227034639752,3.594883491878261
6e1991bfa385622bt,21965,30214,train,-49.59375,33.0625,-15.493848132978647,4.171813382706497,-49.875,23.515625,-25.750942558947102,5.97243389729481
6e2a1802be281c75t,21682,30107,train,-47.84375,33.46875,-12.901934864611722,3.73424263221468,-49.90625,24.078125,-24.103979509542082,6.527725176658153
6f3e6b05cf9d127at,26533,30393,train,-49.96875,30.28125,-18.474061558980218,3.752118365644462,-49.96875,15.5703125,-28.008337739446173,3.7779366565330554
6ffc913c4655b43ft,22223,29864,train,-49.6875,31.265625,-13.537813108982762,5.762925764703225,-49.96875,21.4375,-20.154868722479154,5.29184364040919
7060a820c566d5d3t,21700,29471,train,-47.65625,26.34375,-10.539179019706756,2.2920425701127707,-49.9375,9.03125,-27.803542972869366,2.236631201762473
70a79f2bc9105cfct,21495,28667,train,-48.75,29.453125,-13.895708594719784,3.6856969382047753,-49.84375,24.765625,-28.906798458400534,3.9519858573145443
70c22e83de0db11dt,21293,28794,train,-46.625,31.859375,-11.670378947729228,3.3389527258357443,-49.71875,27.140625,-26.27876835376814,5.764043043003645
70f29a17a192ae59t,21456,29044,train,-49.90625,23.34375,-20.075667107174077,7.86862506060615,-49.9375,19.78125,-26.73919937401232,6.913080595074689
72dba3e82f782f67t,24990,29509,train,-49.90625,29.296875,-15.925609228131908,5.710456849604143,-49.96875,32.9375,-24.03261019199132,6.279365566329281
736395c42c565615t,21292,28789,train,-49.96875,31.234375,-20.922091426719163,7.155159306267269,-49.96875,26.46875,-26.992847305459982,6.054445670300942
737007d9bade79cat,22597,30212,train,-49.71875,33.40625,-17.094542848784414,3.8606926090230336,-49.96875,9.234375,-29.423973175600437,2.794031579675788
741e6a842c23cdadt,21536,28839,train,-49.96875,29.953125,-18.089374798628363,7.584319806876112,-49.96875,24.046875,-24.77521639582894,6.93524112016118
748e5bd1919f86bct,21298,28790,train,-49.65625,32.5625,-16.358267881875825,7.802259658228943,-49.96875,23.125,-22.377264212346795,6.811873643788944
7508e51622c6c70ft,21701,29475,train,-49.0,31.15625,-13.062790721290975,2.5819104687949097,-49.65625,12.671875,-26.46675180394282,2.2730957925859285
75c853b1713d7e3et,24646,28760,train,-49.625,32.96875,-9.252746361999714,5.316056315101122,-49.96875,23.4375,-16.05343193948182,5.08978193422469
763a7d9820a9bf57t,22450,30150,train,-49.5,16.453125,-19.546729606874433,2.6227680098781687,-49.96875,6.53515625,-30.24838322637473,2.3950042380035863
776e4275e3864bf4t,21280,28790,train,-48.71875,27.53125,-13.568324032123646,2.553094481397948,-49.875,23.859375,-27.56851346085093,3.6052030615627015
78fde272efeb9d56t,22049,29825,train,-49.96875,32.53125,-21.1072908346429,6.9260432877972,-49.9375,19.875,-27.357088397651086,5.097941569041941
791fe574b453aec3t,21482,29281,train,-49.84375,33.03125,-16.662314959017117,4.483762678479266,-49.96875,24.34375,-27.452242931381246,5.573005738743485
7928fdf5e6bb1ddet,21554,29378,train,-49.9375,26.359375,-20.75848793858447,7.2692722126124325,-49.90625,21.4375,-26.446362614111536,5.432412162968052
793f931ebbc36eedt,21594,29491,train,-49.34375,28.9375,-12.754547517917569,3.6954599590875947,-49.78125,19.71875,-23.939813159738897,5.820787106742943
7990e9589b9ff3bft,22108,29418,train,-49.71875,33.875,-15.473894084705659,5.754252972533977,-49.9375,28.15625,-23.333596934494427,5.506971942197257
79b156386abee71dt,21381,28771,train,-48.53125,30.671875,-12.776725071361183,3.7911473978445236,-49.84375,27.375,-20.311592025094306,5.4025760455206635
7a3cf52fd1b363b9t,22067,29609,train,-49.9375,33.5,-12.342284122232819,3.5300017199984666,-49.96875,24.5625,-23.653830674789603,5.638012391465146
7a536b98f97647fft,21416,29479,train,-48.28125,31.5,-14.68866433261627,2.762899547275462,-49.78125,23.5,-28.64166584149836,4.5699533935132575
7a6d0fa89709579ft,21910,30077,train,-49.65625,31.53125,-20.207983320281937,4.4061386352538525,-49.90625,20.640625,-29.53201028197954,3.709199813838644
7ad36b8e9f95ba1at,24508,28670,train,-49.96875,30.125,-16.224667738357354,6.753922069650609,-49.96875,21.265625,-24.354558245149395,7.167071286287076
7adee9ec4133b2f5t,24529,28715,train,-49.46875,33.84375,-9.133086991940818,4.222527195839505,-49.84375,19.453125,-16.364450842269264,4.809422771812257
7b4768c0684c4202t,22106,29415,train,-49.375,33.90625,-12.908643780828658,4.468063220696567,-49.875,27.265625,-22.416524192779654,5.828442352195993
7b6fffb4b1066ad7t,21392,29131,train,-49.6875,31.46875,-14.25721591633008,4.569189323132126,-49.9375,18.640625,-23.272207567642997,5.678696841877281
7bbedf6bf3310f06t,21411,29719,train,-49.96875,31.75,-21.770278201411077,6.150949432761891,-49.96875,21.71875,-28.756161311422673,4.537415979193482
7befad49cd42f361t,22014,29731,train,-48.9375,29.703125,-14.244208445381558,2.6785498100324046,-49.96875,21.015625,-27.678645798928418,4.183984448297337
7c008c1fd6a054b5t,21936,29603,train,-48.9375,29.953125,-16.081442554011613,3.096914134640127,-49.90625,19.140625,-28.595013654012213,4.19583153538935
7c2f29e97eee33b4t,21896,28186,train,-49.96875,30.78125,-20.168559987717032,4.627333043974164,-49.9375,19.234375,-28.35619822318225,4.3035736576011585
7c9338dba0e736fbt,21846,29505,train,-49.75,23.375,-23.25378835332265,4.854429763137248,-49.8125,12.0234375,-30.2001731307491,2.4754795716085276
7d5aeadca812e8c1t,22058,29606,train,-49.6875,33.53125,-12.426833741773263,2.468020128410524,-49.9375,20.296875,-24.374468909551045,4.65434606052427
7d62d3e8667c59e2t,28418,30195,train,-49.8125,24.125,-17.52211431854176,3.0478154630953918,-49.96875,8.1484375,-29.167904086521723,2.3565708906447846
7e4e3fc3b7ae4010t,22049,29827,train,-49.84375,31.984375,-15.090302738352518,3.838016814557342,-49.9375,18.46875,-26.714716923992643,5.607296589706704
7e706e444d071261t,21617,29592,train,-49.78125,17.90625,-20.051108559355768,3.448286246118411,-49.90625,3.86328125,-30.217765992168136,2.4052580307300735
7e7d516d2a585038t,22452,30149,train,-49.65625,18.984375,-17.39444000065797,3.000782219282341,-49.96875,5.94921875,-29.97161996474338,2.5234710373849176
7ef4c0b43632e3ect,22527,29974,train,-48.34375,29.046875,-17.802876715906578,4.740807263993643,-49.84375,24.0625,-27.13212506685695,5.660902166343426
7ef67f5bd2f89841t,21564,29512,train,-49.90625,24.78125,-18.83315360212114,6.679043266369762,-49.96875,20.15625,-27.081759019954653,6.199019951058393
7fd0069c92e5c65et,21659,29529,train,-49.0625,33.625,-17.915661481386916,5.590489263790218,-49.5625,20.421875,-25.551377402426727,5.471992205082303
801619a1ec9fdc55t,22145,29789,train,-49.875,26.328125,-17.30205982001973,3.159454160871891,-49.9375,17.8125,-28.226179850653928,3.8054262876474017
811cd2e1a74f4a1bt,21503,28677,train,-48.9375,28.9375,-17.655455417384143,3.9704791284988574,-49.875,24.203125,-29.181385400080718,3.8434522701094918
81205e3e86fdc03ct,22703,30236,train,-47.28125,33.03125,-14.092463509531383,4.673342728359149,-49.71875,24.375,-24.852640847456744,6.590746027469064
81f64a8d90b22463t,22216,29919,train,-49.0,32.3125,-13.943969534177501,6.172729321581144,-49.84375,21.890625,-20.824586408070743,5.323672927553001
821593907c14c5c2t,21427,29530,train,-49.3125,31.875,-20.52128676012653,4.882085310319869,-49.9375,22.046875,-29.014519074862967,4.781557942277849
8235ecb79dde8f28t,21293,28794,train,-49.6875,30.8125,-15.658135430460684,4.764479398770767,-49.90625,26.1875,-26.457776026961863,6.236759442594793
82bf03b374aa66cat,21425,29529,train,-49.96875,32.21875,-19.237112300907896,4.156506075202065,-49.96875,22.78125,-29.02603923606179,4.780347559292966
8315d57d774a64fft,21457,29395,train,-49.3125,25.0625,-13.482796961383348,3.1578077698666807,-49.8125,12.0390625,-28.435420752365687,2.4687012278255924
8325eea6c95aa16at,21770,29365,train,-48.5625,21.984375,-16.74448104142111,2.847485594973304,-49.875,8.7421875,-28.718635951219426,2.3869732690991774
8330020283039ab8t,21355,29453,train,-49.28125,32.34375,-14.244947886169298,5.280809398298394,-49.65625,24.3125,-23.323323086372767,7.542532394130614
835b131bebf0c2cbt,22064,29667,train,-49.96875,27.484375,-19.97887473304348,5.213519821456682,-49.96875,20.6875,-28.618148312722262,5.199999650939033
835f7629c3a3a9abt,21656,29658,train,-49.71875,27.125,-15.752086836659345,6.259787394579677,-49.71875,20.453125,-22.959477883472807,6.720935296210713
8379b888784a5c4et,21896,28186,train,-49.96875,27.75,-21.29894274321018,4.49180999370331,-49.96875,16.6875,-28.359419855981816,4.254226720863836
83bf47e54523fc40t,21280,28785,train,-49.9375,30.21875,-13.027476169173395,3.56547429793728,-49.9375,22.59375,-26.74394137600749,3.628932991919053
8480745167d53140t,21565,29508,train,-49.8125,25.09375,-20.238955155151945,6.943293689644274,-49.78125,22.3125,-27.12663442783261,5.935512969372754
84bf42140b589d17t,21565,29507,train,-49.53125,25.8125,-17.2146694102301,4.934340343879771,-49.84375,22.0,-26.83595742202743,5.967919704446391
84c3d3db1e2b6d72t,21410,29618,train,-49.5,32.53125,-14.048557311501732,5.907848843146019,-49.90625,25.640625,-21.49013767079821,6.9306902463261935
85fe34d1aee53a7ft,21849,28887,train,-49.96875,32.46875,-19.812685754742287,6.15036036494358,-49.9375,25.0,-28.98639856695177,5.107685869400209
864390795b0439b1t,22527,29973,train,-48.34375,31.65625,-17.15903630685661,4.106470621331622,-49.875,24.140625,-27.361040454502085,5.198368456520448
874dd7fe8f2c9d51t,21597,29488,train,-48.4375,33.75,-18.822209929262602,7.650038148294217,-49.34375,20.21875,-24.37475244502933,6.11550803890642
876ba61d558b3219t,21292,28789,train,-49.9375,32.84375,-12.58015167456049,3.2529807309442607,-49.96875,28.109375,-26.37657917187035,5.654455301289394
87d6924a66019e86t,21966,30211,train,-49.6875,32.21875,-13.775669873824727,4.1630777474771365,-49.875,22.203125,-25.651613274924255,6.062226375520305
8813221079de23a3t,21848,28885,train,-49.96875,33.0,-21.913515967643704,5.93625555363802,-49.96875,22.609375,-28.81299250822346,5.113233615322801
883f58dc6520954ct,21361,28847,train,-47.8125,32.40625,-12.289358003261928,3.4837877460680855,-49.875,28.34375,-19.77781264680621,5.237866348477564
8902ea166d048743t,21411,29722,train,-46.875,31.875,-11.409828024648393,2.462078916411946,-49.8125,21.6875,-27.418593634641415,4.459865243008706
893b12c617265261t,22033,28360,train,-49.78125,27.890625,-17.94285796671775,7.2745804969620815,-49.78125,21.125,-25.14883984552748,7.302929950879986
8956e9a18f4aed1ct,21330,29398,train,-49.25,33.8125,-13.798052643981286,4.981029508457585,-49.96875,22.734375,-22.846365115619967,7.682783162774245
896ce26722571c56t,21281,28791,train,-49.875,27.375,-16.002819069426764,4.178906055013933,-49.90625,23.734375,-27.914700252164945,3.8078612812299344
89bb0e9ac6a53fe4t,21966,30211,train,-49.90625,32.4375,-19.076824185697266,7.793816272969807,-49.9375,22.15625,-25.14281820830307,6.391613252838109
8a6781613364d055t,22015,29734,train,-49.84375,29.921875,-20.600277085611918,4.749150745393721,-49.84375,20.890625,-28.477712283385458,4.140584019985615
8b2315e31031c460t,21727,29499,train,-49.9375,27.15625,-19.81109359684263,3.1358150989952858,-49.96875,7.8515625,-29.88484530791146,2.457981320352926
8b50b02886bea2bat,22187,29748,train,-49.75,22.6875,-15.688737949007589,3.1346044632639285,-49.96875,7.91796875,-29.693466378586386,2.454190710742098
8bbd3d39cfc96b94t,24508,28672,train,-49.59375,33.1875,-14.951474347722987,5.772038991565025,-49.9375,20.046875,-24.22625176716409,7.129102024800085
8c385bd4c70b8eedt,21701,29475,train,-49.9375,18.609375,-23.28479156469199,4.1805151210620455,-49.9375,4.29296875,-29.369580223050455,2.380540681451069
8c60d6ff6db402fdt,22064,29665,train,-49.5625,32.0625,-15.952350863712551,3.190362372650039,-49.875,21.90625,-28.35547278814432,4.958766938986988
8c6b3a041ba1aa4ft,21298,28789,train,-48.78125,33.09375,-17.372644358481875,8.102216555437707,-49.46875,22.609375,-22.352657953526663,6.7511033516349945
8ca84c319893f38bt,21562,29423,train,-49.59375,27.265625,-18.803579430595263,5.88302270015597,-49.875,21.921875,-26.446900244140583,5.461835768074024
8cbafe5678dfaa68t,21281,28790,train,-49.71875,32.59375,-14.311489070707532,4.841633237160276,-49.90625,20.625,-27.727296437995008,3.9504860735693166
8d57dd602af81c9et,21890,28202,train,-49.96875,27.4375,-19.665856926427075,5.386707220197324,-49.96875,12.4453125,-28.151239008899704,4.242400333272208
8de2e8c93fdd9ba6t,21935,29393,train,-49.65625,31.296875,-14.400086440263399,4.864672066746802,-49.9375,21.859375,-21.73862901094413,5.621711367965236
8e5a122f6cd13d00t,21896,28184,train,-49.96875,28.453125,-18.819311415177957,4.415189519428055,-49.96875,17.734375,-28.35818360792425,4.251908108244253
8ea7a53ff471dcc0t,22185,29744,train,-49.53125,22.28125,-12.007650104467952,2.3745332066737723,-49.9375,16.140625,-27.970439185314476,2.2857872005997604
8f6b9d16ddf7ae18t,21884,29610,train,-49.5625,33.4375,-14.009578565934088,4.184829584467624,-49.9375,24.453125,-24.17562465355054,6.8492899493643815
8f764a5a695ca272t,24268,29241,train,-49.71875,33.1875,-14.099035806739007,3.0840161659817285,-49.96875,8.7109375,-29.5043497026429,2.4583884365732183
900c6dac347d1804t,21896,28184,train,-49.90625,29.125,-16.499646478858573,3.7248663861991416,-49.96875,20.484375,-28.074485197015523,4.321017121717239
9011998cdb2715cat,22175,29040,train,-49.375,28.65625,-17.03515084695199,4.898986605294998,-49.875,23.859375,-26.720452467192022,4.389544600078514
9089b8058edd2077t,21663,29528,train,-49.6875,17.140625,-22.10757851189634,4.223689687771034,-49.875,3.4375,-29.107403625821874,2.3872230161413657
90c677f83c4e18a9t,24522,28676,train,-49.96875,33.53125,-14.93646715381068,6.599956514680708,-49.96875,18.375,-23.532114577014312,7.2451091575016795
91222bab677ea2edt,22016,29733,train,-49.1875,32.09375,-14.979690144407721,2.4701669528263737,-49.9375,21.640625,-27.945814029230736,3.744447109903299
91391abad6e631b0t,21700,29472,train,-49.90625,31.4375,-16.248234494737293,3.1143788376560986,-49.90625,14.0078125,-28.578011059582728,2.2977350969183132
91504bfd1a6e1bcbt,22013,29716,train,-49.6875,29.984375,-16.062550690138767,5.616302533361743,-49.8125,21.5,-25.744680128871227,6.891663336088991
9150dcd71d3eb84dt,21536,28838,train,-49.96875,33.09375,-15.900934923326762,6.080714481653835,-49.96875,26.40625,-24.531495134616268,7.007177697406652
91a578e5a7eeffc3t,21826,29617,train,-48.5625,25.640625,-12.244499298777235,2.5825962118087094,-49.90625,17.9375,-28.780244982940275,2.418380322388202
91b3ca2616525cd3t,21418,29480,train,-49.90625,30.53125,-21.49291856660272,4.952636903790928,-49.90625,22.0625,-29.4071115548284,4.7691013072123605
91bbc8bbf928daa7t,22224,29869,train,-46.3125,33.5625,-10.140806360439615,3.673734543468018,-49.9375,21.515625,-19.071230681103152,5.673653117183466
923ff111568e0d18t,22013,29733,train,-49.46875,30.515625,-16.649929133726133,3.9898834069606486,-49.96875,20.453125,-28.26476838001471,4.116434525006922
9248ece0de6d2cc1t,21281,28792,train,-49.375,30.609375,-13.285373871998042,2.7301947209630195,-49.9375,22.546875,-27.072233653683053,3.776827265376425
9520f593279a5024t,24828,30240,train,-49.96875,3.552734375,-24.276288118751882,5.7899575449290905,-49.96875,-2.146484375,-30.261622535929277,2.4968745729474
959d542c6499e1c6t,21597,29488,train,-47.3125,32.21875,-17.61690490282929,6.346097121533119,-49.4375,19.90625,-24.365025019453356,6.197305431485186
95ee747a5f5537b6t,21639,29521,train,-49.96875,28.671875,-16.117474292829424,6.2087307814127035,-49.96875,17.109375,-22.836856847542062,6.4094648728227295
96277abaf6bc4bc6t,21565,29507,train,-49.46875,26.75,-16.642177161019156,5.402509613294813,-49.5,21.234375,-26.615189948532056,6.234219901884798
9667cb466b141140t,22014,29732,train,-49.96875,27.859375,-19.188201707680797,4.13468327552711,-49.96875,21.875,-28.28548292645857,4.0066405439642505
966f52e31397313at,21679,30097,train,-49.90625,33.25,-12.959081859182765,3.4718399950006473,-49.96875,22.234375,-24.006862216375918,6.127137273734851
968b06adcd8ba6ect,21501,28738,train,-49.4375,29.5625,-16.58866110514829,5.209039830225884,-49.96875,23.8125,-27.745651011565656,3.6620535204732727
96a47459a14c36b1t,21625,29675,train,-49.28125,33.5625,-19.18403884189315,7.000555332272616,-49.09375,20.5,-25.451753184169803,6.7159507812489
97c29ab9c3a2f16et,21330,29398,train,-49.375,32.21875,-13.36875198790898,4.221207892543135,-49.84375,23.078125,-23.386620387177192,7.152210218596468
9817cbd5b4d6b39bt,22108,29417,train,-49.84375,34.40625,-14.792072344228174,5.3004748447457,-49.9375,27.625,-22.92759007771767,5.5846436272363835
98fa8426c0e54644t,21379,28768,train,-49.84375,31.078125,-12.660946818645028,4.001366322246403,-49.9375,28.65625,-20.08668966598951,5.507004749421413
994a95128e83814et,22526,29971,train,-49.75,28.03125,-22.208450167091645,7.253519022067728,-49.96875,22.734375,-27.50585641648834,5.344644643890465
997bd5928025595ft,21417,29483,train,-49.34375,29.9375,-16.006581868970844,3.205248414747682,-49.96875,20.78125,-28.381908117614053,4.39920623157366
99e2878f43a8dea8t,22526,29973,train,-49.90625,32.375,-23.757165740757852,6.426985134740872,-49.8125,24.015625,-27.701651897984735,4.884937996324408
99fe489a18011c9bt,21565,29509,train,-49.71875,31.5,-20.310191238785155,6.772036722535282,-49.65625,21.59375,-27.04903200905914,5.824536484092923
9a1bf021948b6591t,21641,29521,train,-49.96875,32.15625,-17.254482624721067,6.960163298861295,-49.96875,18.140625,-23.08588214517336,6.344194310395593
9b0047ed225bbb48t,21292,28790,train,-49.96875,31.203125,-21.251077765449384,6.867097333810862,-49.96875,26.34375,-26.803596092377916,6.1367849083799815
9b9bc4686a9a9836t,21280,28785,train,-49.9375,27.015625,-19.80632242291375,3.9713276527038026,-49.96875,23.359375,-28.324487889790092,3.7559459017119514
9c4703bf071fc332t,24263,29240,train,-49.96875,25.875,-23.261941722196305,4.877867462081063,-49.96875,14.109375,-30.12938212083331,2.471320361380091
9c8a210404573ebct,21700,29469,train,-49.84375,20.21875,-22.11680326940416,4.304700015852286,-49.96875,16.234375,-29.286967646220106,2.3882112980246224
9d03f104d0bdb0e4t,22033,28358,train,-49.875,28.078125,-15.209266681823578,5.954276989200345,-49.90625,21.296875,-24.3377513631483,7.20430710949882
9d33f04f97b135c4t,21627,29677,train,-49.0625,31.6875,-17.342905793854882,6.066222231755906,-49.4375,20.3125,-25.397575969905827,6.716612464721909
9d8690a60069c75bt,21437,29568,train,-49.1875,31.40625,-13.591092475054774,2.807494957055849,-49.96875,21.0,-27.736092128240923,4.372383553680844
9db22c8b04f4d851t,21844,29501,train,-49.9375,17.25,-19.277541342354727,3.2767115303719994,-49.9375,5.3203125,-30.192048616692418,2.4824857053978766
9e03321f0e22bf8ct,21971,28354,train,-49.34375,27.03125,-12.299929735320882,5.286943097279909,-49.96875,17.84375,-20.13865565402725,6.115248520306975
9e577d948f0af8eat,21449,29110,train,-49.96875,23.453125,-16.435133574854728,5.282116311683148,-49.96875,20.296875,-26.43826883745713,6.843626574303977
9e64dbf976a3b2fat,21971,28356,train,-49.21875,28.21875,-11.477300128281986,4.636690213712919,-49.8125,17.90625,-19.97721521655929,6.459910536753084
9eb9e3dc3225ad9at,21896,28186,train,-49.96875,28.0,-22.035473518908553,5.541833148380939,-49.90625,17.96875,-28.494395532075462,4.284686540786159
9ec616cf6e471491t,28405,30192,train,-49.96875,24.515625,-16.994793513078395,3.3756264046938944,-49.96875,8.9140625,-28.881551784916613,2.297644082829881
9ecafe67043f52b9t,21290,28789,train,-49.9375,31.203125,-19.261771460396496,5.869000850838758,-49.96875,26.5,-26.844419800844356,6.047019397696362
9f4272dbcb587ba6t,21940,29912,train,-49.78125,32.5625,-14.473584418107649,4.887386358437202,-49.90625,22.21875,-26.808435989075512,5.054953094602735
9f57aace246e3852t,22064,29669,train,-49.28125,30.0,-13.696534089300576,3.334035641118595,-49.96875,21.078125,-26.764303959281342,5.065660016254246
a01bb50ca3b5e156t,21625,29679,train,-48.96875,30.921875,-20.251060697414584,7.80019424748183,-49.625,21.140625,-25.363162203685302,6.469545910679997
a01f78741f8c5fd0t,21457,29395,train,-49.875,22.578125,-21.00784968288782,5.117160932825077,-49.96875,4.1953125,-29.167320421037182,2.4102934720940286
a08d07f4f8522f12t,26553,30403,train,-49.875,29.140625,-15.871097932280469,2.615188938162047,-49.96875,16.203125,-27.6574161973736,3.4190753828919207
a09dc3d2ed7d8429t,21566,29432,train,-49.96875,27.140625,-20.55116939858636,4.206964148775165,-49.96875,9.859375,-29.134759477508183,2.3581057857520116
a1504d48f552d21ft,21536,28838,train,-49.75,28.15625,-15.40093801443236,5.79397310608114,-49.90625,24.53125,-24.39314913738567,7.119872609422166
a19667d54d0b4623t,21498,28980,train,-49.96875,26.09375,-17.175043249697616,5.307191619449377,-49.96875,16.375,-26.60579803822399,6.559235533124173
a1dfd3c832f17b5et,22014,29731,train,-49.96875,27.28125,-16.799728427812685,2.976730947128344,-49.96875,20.703125,-28.180572893860898,3.9152193431473097
a2099e7130aba3det,21896,28186,train,-49.96875,30.75,-23.512343767556565,5.507559328295403,-49.96875,17.140625,-28.33016763974467,4.279432168273252
a217df61f185e083t,21292,28789,train,-49.96875,31.34375,-18.424279083534554,5.789035720252904,-49.9375,26.59375,-26.699622700417702,5.902107114212279
a2d2f88f4e06648bt,24253,29240,train,-49.9375,25.984375,-17.10240287679281,3.3390187070259922,-49.96875,9.640625,-29.860810729491043,2.431175050806893
a3767022f1d7d964t,21691,29437,train,-49.875,31.984375,-17.6503126468322,2.8465056344509336,-49.9375,17.28125,-29.151759371535533,2.3617442212531334
a376eb1fc39d4a84t,21410,29719,train,-49.125,32.875,-14.802704958893358,2.533372679094468,-49.9375,20.671875,-28.221562170476304,4.461395261038007
a4476b8cc1b0a48et,21913,30077,train,-49.96875,31.640625,-26.91541466826702,5.428272141733422,-49.96875,16.296875,-29.950699920387315,3.4951571297934136
a45bc46512eb61f8t,21896,28182,train,-49.96875,27.15625,-20.481576848930366,4.36653440005476,-49.96875,16.015625,-28.488029270270193,4.244690132430449
a4ca2e205513eb08t,24638,28758,train,-49.96875,32.34375,-9.257539576658655,5.511540913081693,-49.96875,22.75,-16.262930238375763,4.995377315646721
a4e67518374415e0t,21947,29655,train,-49.5625,33.0625,-12.18394826467399,2.9906816335414295,-49.96875,26.125,-23.436756198498276,6.470527112898361
a5576e6ffe696e92t,21224,28772,train,-48.4375,27.296875,-14.690300886667481,3.191229959073231,-49.8125,17.421875,-29.830951124496032,2.3715509873585408
a6cc8189393d43f4t,21281,28789,train,-49.96875,33.53125,-21.55120083570207,4.642343097614168,-49.875,22.90625,-28.43861489623605,3.870524162786308
a6e9353a35e73ed5t,27892,31052,train,-49.90625,26.296875,-21.591218191381707,6.224286639112319,-49.96875,13.359375,-27.792084251865887,3.9723561290491927
a736a57b5c252312t,24638,28758,train,-49.96875,31.875,-8.995221730380148,5.0219745855851885,-49.90625,22.546875,-15.989205003531783,5.080572410687063
a73dda2cd2e9032ft,21728,29498,train,-49.59375,16.3125,-18.883525034480904,3.6310293374386307,-49.90625,10.109375,-29.796469135285115,2.5025318200389237
a791f9b908c03325t,26564,30407,train,-49.9375,29.765625,-13.994042105675232,2.821266099519332,-49.96875,14.3515625,-27.94087343196889,3.639093182542349
a7aafac0bb5d311ft,24640,28760,train,-49.96875,32.15625,-9.471152521755094,5.582180230646975,-49.96875,23.203125,-16.326046719776652,5.010570506033353
a8bb096f8ee27b50t,21566,29568,train,-48.34375,15.8984375,-14.893656857185098,2.9340620390871366,-49.90625,7.3125,-28.749003852081163,2.239107915055407
a8d09b13ad09a61ft,21680,30100,train,-49.15625,33.0625,-15.81665087162175,4.036136219472898,-49.9375,22.296875,-25.28292576543399,5.706736055836283
a92edc51bc96a82ft,21964,30213,train,-49.78125,32.625,-13.107991250141232,4.174093034722834,-49.96875,22.75,-25.126204879665156,6.181892418279965
a93585b23276b758t,26546,30401,train,-49.96875,29.6875,-13.984236030779877,3.0901664889721983,-49.96875,16.0,-27.50296865513556,3.6994426310217263
aa10fadb6bc7eb21t,22015,29738,train,-49.9375,32.25,-13.643568369557464,3.167774368017695,-49.9375,21.390625,-27.68888733889409,4.060773070994812
aaf43d7aa7069758t,22063,29608,train,-49.96875,32.8125,-12.118969979591867,3.5935489250682826,-49.96875,23.6875,-23.976720076815916,5.530629968837855
ab9a7b016b3517a1t,21971,28351,train,-49.75,27.828125,-11.795493620573433,5.059917272498842,-49.75,17.75,-19.912087281932276,6.531639436791085
ac5e85b00197a71et,21292,28789,train,-49.5625,30.671875,-16.335825074986197,4.026650566131152,-49.9375,26.640625,-26.727005632652588,6.054862521675287
ad53bfd630e65f56t,24527,28715,train,-49.96875,32.9375,-9.52918509669315,4.7341734801156194,-49.96875,19.625,-16.132431578798723,4.844908609578112
ad8f5edcec272001t,21597,29489,train,-47.75,26.546875,-16.64108559201168,5.939438291795228,-49.84375,20.140625,-24.42204087899786,5.952633198037394
adbc789d3c248b30t,21566,29430,train,-49.3125,18.75,-18.215707046419244,3.6258274145096414,-49.90625,5.4375,-29.045839287466187,2.430147117577105
aec08a1bed9de27at,21913,30083,train,-49.375,32.96875,-18.003083460242664,3.314588418084199,-49.84375,19.328125,-29.346975917420547,3.44501102771111
af1dcb34e9004163t,28396,30189,train,-49.78125,27.671875,-11.812084363574908,2.7740477214995343,-49.9375,11.5625,-28.042526158322477,2.4133224785896976
afbb0908b0b4d74ft,21410,29621,train,-49.5625,32.46875,-15.944434733717701,7.432730332663274,-49.65625,25.984375,-21.929470115773544,6.923544981666784
b0ae857ccb3bf7cat,22015,29736,train,-49.71875,28.9375,-15.421413106493468,3.147184616081896,-49.84375,21.703125,-27.69834692423143,4.280611422128495
b0af958a83dfa742t,22527,29976,train,-49.75,31.765625,-16.12451522318858,4.403941406109093,-49.96875,24.734375,-27.036632159816747,5.672237473819946
b0d9965dde8d5276t,24262,29247,train,-49.96875,27.265625,-20.19554536359387,4.063220991348554,-49.96875,9.8671875,-30.17550370379188,2.438790266552642
b1de75699207dc07t,21680,30100,train,-49.78125,33.65625,-15.210396407988599,5.122468425357262,-49.90625,26.46875,-24.637864313132475,6.363940524292748
b3fab7c013743b66t,21861,29517,train,-48.5,27.765625,-16.143121894008722,2.539818707718653,-49.8125,9.9609375,-28.448809093551084,2.1936407149214583
b418443b9491321ct,21407,29661,train,-46.8125,31.625,-11.830825429010314,2.996560797524389,-49.53125,25.375,-23.438370628681756,5.788091512155229
b44881f238ef0beet,21553,29375,train,-49.8125,26.046875,-22.196698255419182,7.195794114204832,-49.5625,20.8125,-26.524923164006356,5.47060028834692
b5272e098f7c7ff1t,21295,29196,train,-49.46875,26.25,-19.187405348226367,4.188929339230966,-49.875,10.2734375,-29.257315197085063,3.4275793477068257
b57201e9d0f56867t,21768,29366,train,-49.9375,32.0,-19.46689922751248,2.6991379315402626,-49.96875,8.3515625,-28.91405941895608,2.2436043004626245
b66c1417177840b0t,21927,29084,train,-49.9375,32.21875,-14.736181998663136,7.126312272093521,-49.96875,28.921875,-21.01090946532764,7.129209994034502
b71fc521ffaf08c6t,24525,28715,train,-49.875,31.203125,-9.371646935522701,4.747217038286995,-49.96875,19.234375,-16.406315280383318,4.864383961423895
b79219738b444482t,22526,29970,train,-49.96875,32.75,-21.623513174465128,7.065140315605727,-49.96875,23.328125,-27.556638239021744,5.222236244393269
b7c666453bbff700t,22467,30202,train,-49.9375,32.0625,-16.666555923697118,5.8034174534614715,-49.90625,20.671875,-25.98926566479551,6.252076064523188
b8507a4cc7a04e72t,28410,30192,train,-49.96875,25.609375,-17.601864215807176,3.3756528933387195,-49.96875,13.2265625,-29.343591904947225,2.3858656904668014
b95ab45640844f93t,21562,29807,train,-49.09375,33.0,-12.146868981916715,3.1041141040891214,-49.9375,24.859375,-23.38707372377273,5.285130041063671
b96043cd9db76297t,26547,30400,train,-49.71875,29.796875,-14.792720256471343,2.6508123984469183,-49.875,19.046875,-27.803460513508057,3.6224582473130247
ba457551e57dfbbat,21425,29525,train,-49.75,30.3125,-16.29511706128055,3.819247106057658,-49.90625,23.515625,-28.721465137007122,4.670372317777134
ba57ef446e79f9bbt,21417,29485,train,-49.90625,29.640625,-17.607181770689195,3.84849321049014,-49.96875,21.40625,-28.601958109732436,4.667095288548055
ba737e36cc3bbbd6t,21676,29580,train,-49.65625,24.125,-14.06385328522593,2.6965063380664582,-49.9375,6.31640625,-29.590975573526553,2.443640489307941
ba75b20794776e82t,22185,29748,train,-49.21875,19.1875,-13.488122882079026,3.1411947674904726,-49.84375,6.46875,-29.5890359512925,2.3404510604877307
bab763815dcb375ct,21416,29479,train,-49.125,30.03125,-15.535791063742789,3.3494007512498687,-49.9375,22.25,-28.62596693520805,4.549966118401248
bbb1871646993b03t,21280,28788,train,-49.71875,32.28125,-14.73920675750523,3.575218404010343,-49.9375,22.765625,-27.503103438786077,3.7673084477638215
bc3cf9dc5abd3c65t,26546,30397,train,-49.875,30.734375,-16.910015864649367,2.7769083598787137,-49.96875,15.078125,-28.292012459455627,3.3053136299649672
bd107d8b11227e84t,21441,29691,train,-49.75,33.125,-15.66099997687623,6.439363041149236,-49.90625,24.8125,-24.07156948113611,7.851529283754029
bd24c2e8d539f972t,21890,28202,train,-49.96875,24.3125,-19.891125325345268,4.239330725297257,-49.96875,12.1328125,-28.080836023795214,4.167328683810586
bd5727a5a3efd4b6t,21940,29911,train,-49.90625,32.84375,-22.604371769565873,6.421735913506912,-49.96875,21.953125,-26.91170892458152,5.178376425341756
bd935f0ae1205861t,22014,29723,train,-49.71875,30.171875,-15.319948711405843,4.946182098514168,-49.9375,20.171875,-25.84078577750119,6.825501851381345
be95efd207c0eec3t,22186,29743,train,-49.84375,23.328125,-20.28353200656482,3.42801570462606,-49.96875,13.203125,-29.35899164748667,3.6499062612236646
bfabbbabf97d790bt,21280,28786,train,-49.8125,29.15625,-19.61567993693077,3.7757063366229775,-49.875,23.03125,-28.32943116830802,3.836892588433703
bfb1a1a4b3247b7dt,22048,29823,train,-49.5,32.96875,-25.313528108286874,7.339109644660973,-49.96875,21.15625,-27.47859215177291,5.065608024937245
bfd3c03fc4ab0ff1t,22594,30156,train,-48.78125,28.671875,-16.83345601575221,4.8802294916489135,-49.9375,22.9375,-26.98638992601009,5.473207635584358
c02417eaffffc8bat,21553,29377,train,-49.84375,25.84375,-18.24934458482941,5.746195411696897,-49.90625,20.984375,-26.43049529645342,5.48989768707705
c07f6ec980c2c149t,27872,31044,train,-49.96875,24.953125,-22.730713192504364,7.193994100793429,-49.9375,12.0625,-28.408274066983232,4.575303093284057
c0831dbd6d7f3c56t,21971,28356,train,-49.5,27.609375,-11.903366970913064,5.183333321296422,-49.9375,18.984375,-20.11244629557881,6.413537999267572
c0869b2f6131bc1ft,24518,28676,train,-49.96875,32.15625,-16.79359098181277,7.640203329404821,-49.96875,19.84375,-24.00116167695274,7.231417656111076
c0e514dc994d58e1t,21768,29368,train,-49.96875,23.703125,-18.324145803364367,4.670488740520058,-49.96875,8.4375,-29.02436615882777,2.4234495934314038
c1c7c66e0af111a2t,26564,30406,train,-49.90625,29.359375,-19.90066002700039,4.441775682270285,-49.9375,15.3359375,-28.354476160130137,3.573056015782664
c3447374fc30b1a1t,22033,28358,train,-49.96875,27.59375,-19.815341226238342,8.838508807561515,-49.9375,20.734375,-25.12541864060677,7.6389785902166745
c3ae9ea694b0515ct,21862,29519,train,-49.4375,29.609375,-12.894262795605378,2.5128645218544707,-49.96875,11.0390625,-26.717833656279492,2.375691811190406
c470441906b228bct,22223,29864,train,-48.9375,31.953125,-13.338742619268135,5.401537174678088,-49.5,21.234375,-20.45964235057664,5.3550060071758825
c509afa2ac424339t,22223,29864,train,-49.9375,31.90625,-12.744501545978688,4.902741089968706,-49.96875,21.390625,-20.155299699681418,5.270530714154737
c6a5bb44be16ead4t,21280,28786,train,-49.9375,28.6875,-20.928747220737687,5.290753210634243,-49.96875,22.953125,-28.394867783832144,3.8101864522082565
c80be20a6835cf84t,26548,30402,train,-49.90625,29.96875,-16.594180106055905,3.6220201086379196,-49.96875,20.984375,-27.713506592346885,3.637532527924627
c8a08a1069c4425ct,21862,29519,train,-49.84375,23.875,-20.573932016023072,3.2782354471281154,-49.9375,10.625,-29.330433679737183,2.3920535854056624
c8ca48b000cd8c11t,22015,29735,train,-49.34375,32.78125,-16.86349223483732,4.070021820068531,-49.9375,19.890625,-28.144077091756298,4.115049189395045
c8d1c8367d2fb17bt,21890,28200,train,-49.59375,27.890625,-18.36419116113365,4.384244820138044,-49.78125,11.9609375,-28.082154369891487,4.229186581403895
c955676015f56b2et,21663,29528,train,-49.90625,16.03125,-20.543505446032785,3.0572106193245228,-49.96875,8.03125,-29.149798818784493,2.36391475760756
c9ba0778c396fd2dt,22234,29915,train,-49.5625,31.84375,-14.468356709088185,7.207800238056973,-49.875,21.796875,-20.433620753811642,5.630253655494792
c9dba890e4b5cd17t,22048,29823,train,-49.75,33.09375,-20.90845429236907,5.79803354159582,-49.84375,20.96875,-27.36857485088018,4.9292144868458365
ca1019141c8d9c5ft,21458,29398,train,-49.125,32.6875,-17.6833193277803,2.2229783349540035,-49.875,15.4453125,-28.81957967232384,2.1480163184950283
ca76b5344b7c65b7t,21224,28766,train,-49.96875,28.109375,-25.914934896699346,3.6840671479696527,-49.9375,12.1875,-30.525024829715107,2.3310022799260484
cac3de96657db5d5t,21282,28786,train,-49.78125,29.6875,-16.53786019346329,4.3818454499594655,-49.90625,24.359375,-28.01764064928066,3.9706873339459228
cb614f1bdab8b55at,21770,29364,train,-49.625,22.109375,-21.681359764562153,5.4744047912876646,-49.90625,6.76171875,-29.247684159983788,2.438233590242483
cb63265c445495d3t,24512,28672,train,-49.75,31.40625,-15.266628796406915,6.116598369530796,-49.9375,20.5625,-24.2245150899796,6.94732310393332
cb76f950b71cf9c3t,22701,30234,train,-49.90625,31.96875,-15.67410798418409,6.716742747293784,-49.9375,24.3125,-24.5740079581548,7.557281978645281
cb8739fc1f4a23ddt,21329,29394,train,-49.5625,31.28125,-14.308845327783168,5.029649963563313,-49.9375,23.96875,-23.05367276248258,7.187691778032795
cbe4ad26fe73f118t,21706,29694,train,-49.90625,33.34375,-15.673139485348855,5.3728278723973375,-49.84375,23.921875,-25.96970251357971,6.796884510138295
ccb90e31357c33e2t,24518,28674,train,-49.6875,34.0625,-16.131852272878803,7.2521872018115126,-49.84375,20.609375,-23.866506344184664,7.405306735819377
cd15095665fae616t,21768,29366,train,-49.875,28.609375,-21.046818195179185,4.228678910911677,-49.9375,17.96875,-29.155569295018402,2.4230299088018876
ce67b3d05ca18efct,21425,29524,train,-49.84375,31.453125,-17.579215642919795,3.793160210783895,-49.9375,21.859375,-28.828890268515856,4.71243208742774
ceb5525beabcab49t,21282,28787,train,-49.9375,28.609375,-17.334738362337824,3.3965303619673666,-49.96875,23.46875,-28.078688383861177,3.7163219092569832
ceca26efe6e4eedft,21282,28786,train,-49.96875,31.765625,-17.908141442161114,4.2099808355672845,-49.96875,22.359375,-28.20395265806181,3.960690470517969
ced739d78afc3286t,24648,28762,train,-49.90625,32.625,-9.071433734755894,4.831454669968757,-49.9375,22.71875,-16.187909004264764,5.157672351208573
ced7ae4f740a9eb7t,21369,29243,train,-44.25,32.5,-11.133237638220143,3.0210902308169874,-49.875,19.421875,-23.413997988011545,6.350680400170241
cef19abab25e4e41t,26554,30399,train,-49.96875,31.40625,-16.498110113992972,3.491380198700087,-49.96875,23.484375,-28.033276088048048,3.486256495538919
cf66b6594747703et,22701,30231,train,-49.75,29.765625,-16.924674377662114,6.833389447281033,-49.9375,23.453125,-25.137307023855698,7.1042839131577935
d139bedb17531d72t,24249,29244,train,-49.96875,30.84375,-11.38360785357856,2.3914914763927064,-49.96875,18.0625,-29.11617305909871,2.2734784703591555
d1e05813c04918a7t,21362,28850,train,-49.84375,32.0,-13.419669112152018,5.526725068722189,-49.9375,28.765625,-19.577850145706467,5.523187955563114
d21c66e73524de4dt,21768,29363,train,-49.84375,27.796875,-23.355460692479085,5.560389556688585,-49.9375,11.625,-29.141587008486248,2.423739723384414
d26dc44da7986edbt,21708,29695,train,-49.0625,29.765625,-17.2646362962355,6.500141954714083,-49.875,23.296875,-26.281422968988178,6.736684846226868
d36a8f59e361b398t,22063,29668,train,-49.375,28.359375,-16.788090383415163,3.920580371748142,-49.96875,21.671875,-27.80276551907843,5.408849983963725
d39961a6b0434e1et,21769,29368,train,-49.125,32.9375,-16.44936228078265,2.9160290913195723,-49.78125,20.015625,-29.15713315631314,2.3796898717685213
d3a4f7e784fef3cbt,21416,29479,train,-49.90625,31.515625,-22.31479800878639,5.090638944092398,-49.875,20.984375,-29.276383306234788,4.817248274800343
d3c6506cbc10c9d8t,21844,29503,train,-49.25,23.4375,-17.597912131040204,3.0615859029151715,-49.90625,10.421875,-30.001208851228906,2.3461049479435037
d3cf076c5f02d411t,22205,29014,train,-49.96875,29.28125,-17.39128555694829,5.229639900621233,-49.96875,21.859375,-27.41279067716326,5.142170352627753
d3d3bb16f85e5db8t,21659,29533,train,-49.9375,32.9375,-15.909591839107664,4.962452867782835,-49.90625,20.078125,-25.548616221960543,5.864827123367832
d444263ef681815ft,26548,30404,train,-49.5,29.5625,-10.448913314779542,2.6788442617205663,-49.9375,18.3125,-26.314206147756,3.4659146881324925
d516ab18a5559ea9t,21280,28786,train,-48.53125,27.4375,-13.62534901348584,3.1582341006063075,-49.78125,23.15625,-27.898323031484033,3.746362049509517
d546b16a2e492dd9t,21596,29493,train,-49.75,32.4375,-14.222773805820237,4.603440521436871,-49.90625,19.71875,-24.038383334059954,6.276400095171749
d566639ea7b7529ft,21890,28202,train,-49.71875,33.78125,-18.871298832282896,4.125352966606298,-49.90625,11.84375,-28.176753037422507,4.16403019436673
d6578d3ffc84da6bt,21294,28791,train,-49.96875,33.0,-19.45096371897441,6.726779870988221,-49.96875,28.171875,-26.916908678603605,5.990448058538932
d65838d1b71f58d2t,21409,29623,train,-49.78125,32.625,-13.704104725809612,6.059342818795969,-49.96875,26.84375,-21.35286838899769,7.086694194940492
d683e6b515f4366ct,22047,29821,train,-49.1875,32.65625,-14.38915273584757,3.2732519294400304,-49.84375,20.0,-26.607730276303386,5.5063774125698215
d70d16ddc6ae2d71t,21290,28790,train,-49.78125,31.75,-16.519772516026137,4.829101917030867,-49.96875,26.796875,-26.835601722561513,6.084466435067655
d722cabda385fe79t,21293,28794,train,-49.3125,32.03125,-12.369665158708745,3.2556804510038067,-49.96875,27.4375,-26.47716751078578,5.951654019181509
d7bb346731199e75t,21611,28795,train,-48.625,33.0625,-10.32241488192627,3.2286996178745473,-49.90625,9.8125,-27.106797643297412,3.0171413879759434
d8437097339a3a0at,21439,29690,train,-49.8125,32.75,-18.80630542048493,8.524156750318175,-49.90625,26.59375,-24.4934775548719,7.849886143200424
d84b3f5f0524fc28t,21361,29500,train,-49.15625,30.203125,-12.490906607234862,3.5268475537811046,-49.9375,26.21875,-22.40013374409275,6.801945786223343
d89c0f2ec5c4f159t,21297,28795,train,-49.8125,32.625,-16.612155990811605,7.830935409776818,-49.90625,21.96875,-22.410788479979015,6.824044216988777
d92e82624c53fcf1t,25387,30043,train,-49.46875,25.828125,-16.545236375133634,5.72780667737325,-49.78125,20.375,-25.230470320348005,4.900661359924795
d9727bc3a15cdc11t,21892,28202,train,-49.75,27.265625,-18.788951380685347,4.355804287186597,-49.90625,12.296875,-28.10863448257088,4.159876115916307
d9d700a11647e8e1t,28391,30185,train,-49.9375,32.59375,-17.372522246648302,2.5533058924102447,-49.96875,17.421875,-28.86760081325833,2.2835606587381294
d9ee1c883eeee604t,21861,29517,train,-49.875,32.59375,-15.659362697352442,3.081064053023576,-49.96875,11.1640625,-28.691474165135133,2.891939278524658
da781384de903b8dt,22107,29414,train,-49.65625,33.71875,-15.892161753584285,5.947416792823896,-49.90625,28.328125,-23.128635858581543,5.668080073239814
dac8263960d2d8b3t,21769,29369,train,-49.8125,22.03125,-19.14754651091206,3.3168510448104604,-49.9375,5.69140625,-29.236981846010675,2.3916984383919724
db0fd848475a76dbt,22035,28362,train,-49.84375,27.328125,-17.171242266725244,6.917576061106049,-49.9375,20.203125,-24.903314229662534,7.606964869870677
db68648691defa60t,21282,28786,train,-49.90625,28.09375,-17.286756963686077,4.38274695653174,-49.9375,22.703125,-28.290556627514874,3.788225454567557
dc0c4d844195f4cft,21588,28594,train,-49.96875,27.9375,-18.00162664833759,4.694530070545234,-49.96875,23.921875,-29.749372799139028,3.3922166767962016
dc9ce5a4575da652t,22143,29783,train,-49.9375,27.078125,-19.32679855990495,3.426553050641677,-49.96875,15.9609375,-28.566068010234268,3.6584664114910908
dcf7b37dd15d6d94t,21565,29507,train,-49.78125,32.3125,-17.75314478505427,5.242233784456737,-49.96875,21.75,-26.965688216054698,6.0038000128647555
dec90016c05fe502t,22232,29916,train,-49.40625,32.875,-12.763861846852445,4.889303303782989,-49.6875,21.984375,-20.778466729789777,5.4630070271416855
dec94fc54f0a3ed0t,21700,29472,train,-49.03125,25.078125,-14.969782345837105,2.951097029884512,-49.9375,11.625,-28.642928671403958,2.225924269748879
decee5b74fa7c8b9t,21562,29807,train,-48.875,33.34375,-15.121225668436201,3.8392551197756855,-49.84375,21.96875,-24.467520202481037,5.623084493841255
defd726360b2117bt,22062,29603,train,-49.96875,32.9375,-18.73768252477919,5.915133433005412,-49.96875,23.859375,-24.83298962432742,5.351677054343143
defdf1f496b29115t,22059,29604,train,-49.90625,33.375,-17.422791855469434,5.5161544739007144,-49.9375,19.234375,-25.35865912388697,5.131317620360774
df0a5fdc27e5da5bt,21913,30077,train,-49.5,30.8125,-17.469361675730124,3.3514447745851377,-49.8125,16.734375,-29.03509147963233,3.3484603095058816
df48585ad23cb680t,21844,29502,train,-49.625,32.25,-18.352600750868763,3.173636783816024,-49.875,8.40625,-30.01872215714209,2.4799127439057678
df8ffce5cc47bff4t,28414,30197,train,-49.96875,29.171875,-13.785827040623264,2.81854145341182,-49.96875,11.328125,-28.91047332929839,2.3209420625673935
e038a8902265782dt,22060,30125,train,-49.71875,31.3125,-22.629103590469576,7.382891325275044,-49.78125,19.484375,-27.69899889221674,6.073008546530642
e0798a8e99c2568ft,22107,29325,train,-49.96875,28.40625,-16.470260432404036,6.053734186938703,-49.96875,19.96875,-25.746472330413326,5.4815442869505056
e1839b29bdb8784et,24262,29247,train,-49.9375,24.296875,-15.977769034903861,2.4263408361075736,-49.96875,9.546875,-30.065513091326054,2.2894348368305124
e20588f2094fd709t,24642,28758,train,-49.96875,32.8125,-10.178670974152336,4.794026987416611,-49.9375,23.375,-17.271986096874073,5.037397200331655
e2080ba3bcbb0febt,22701,30230,train,-49.84375,30.828125,-16.791109825660605,6.139191013631913,-49.90625,24.84375,-25.50814958676386,7.011508449221916
e237fa73fe7d2606t,21425,29524,train,-49.8125,31.34375,-15.275215093738296,3.603411922615853,-49.96875,21.5625,-28.30025689061229,4.620919644243014
e3572457dde1252bt,22014,29733,train,-49.875,31.953125,-17.726484051188002,5.210283635496795,-49.96875,22.203125,-28.157228722796813,4.216304534761552
e3d9aa7f83854b07t,21768,29366,train,-49.3125,29.96875,-14.118084458493428,3.0586392316594786,-49.84375,21.53125,-27.862545698264675,2.555070503331291
e42a50089e03990ft,24510,28674,train,-49.75,27.515625,-17.660028046740184,7.710407215414497,-49.9375,20.4375,-24.301914969285868,7.212594917383023
e558e59cfe0428bct,21504,28673,train,-48.53125,30.78125,-13.759895402693996,3.7886573118848226,-49.9375,24.984375,-28.092889145576397,3.7724221607899597
e5c27b871caed701t,21416,29479,train,-49.875,30.953125,-19.714554270283347,4.606435869236736,-49.96875,20.984375,-28.9038677878402,4.662877466189946
e5e4bf0c579362bdt,22142,29472,train,-49.40625,31.546875,-14.015449320471776,5.778621020634186,-49.9375,20.890625,-21.012478249505502,5.596100993024188
e5ee19f0c67db895t,24537,28719,train,-49.875,33.3125,-9.280796441295484,5.094460043528628,-49.9375,19.703125,-15.982594641576009,4.863279747322035
e60a66b65de9fbact,21418,29478,train,-47.90625,31.640625,-14.575219602835347,2.623408623866317,-49.90625,22.640625,-28.675977303121282,4.5116836935058995
e6ed69d28d60111bt,21941,29916,train,-49.09375,32.375,-15.087780387908523,4.2175607954019965,-49.75,24.359375,-26.585762569831864,5.2588376082640504
e708a9d9bbf65144t,21288,28755,train,-49.875,31.59375,-15.835774201100058,4.531046206638975,-49.84375,27.15625,-26.79495405117105,5.938274003036401
e843f0f1bc39eba0t,22015,29737,train,-49.71875,29.828125,-13.789659201710943,3.1745465020793397,-49.90625,21.109375,-27.509287398354026,4.112524902666347
e8e76033e9defc83t,22205,29013,train,-49.96875,29.75,-21.38574563821365,8.064041698772925,-49.96875,20.3125,-27.27247516848878,5.295358029954592
e98ca5aba8849b06t,22014,29732,train,-49.90625,31.109375,-22.353117767842832,5.341832451109211,-49.96875,21.359375,-28.42343852229114,4.123632086250603
e98f90071c73034dt,22703,30231,train,-49.75,30.109375,-16.079828175449872,6.97878407391866,-49.75,23.046875,-24.0872229600856,7.519010360645575
e9b02e333e21456ft,21848,28885,train,-49.9375,28.46875,-16.960199278588394,4.357421105078832,-49.96875,23.234375,-28.670560273545824,5.099626209531072
eacb90c9b9b80205t,22017,29837,train,-49.8125,31.234375,-17.24066107290615,6.295190000343444,-49.875,20.75,-25.833896382336803,7.296605722331924
eb7b92263f79f93et,21729,29503,train,-49.96875,28.375,-15.545623629661588,3.029583033278677,-49.96875,11.3203125,-29.610008997694766,2.363635824120823
eba22dd5e0378888t,26552,30402,train,-49.96875,28.78125,-13.723882040717951,2.725064859200493,-49.96875,14.6953125,-27.85761578465229,3.510845207385622
ec2e7ee03be7c001t,21971,28351,train,-49.9375,28.75,-13.88661369009663,7.232909469104294,-49.625,18.921875,-20.106901464591168,6.4465190815207265
ec8445693b2938fet,21538,28839,train,-49.90625,29.546875,-17.713375488879368,6.918544138173022,-49.96875,25.796875,-24.582284037527398,6.976126798540464
eceb1884e5d82f4dt,21362,28853,train,-49.5,32.25,-12.874529454947426,4.765790044224458,-49.75,27.5625,-19.49652596072143,5.539427101457569
ed0c665bb3f1c673t,21553,29374,train,-48.125,32.84375,-12.19482705249764,3.151307461754838,-49.78125,22.296875,-24.59691335098766,5.033453088803946
ed69eae9b34dbe1dt,21890,28200,train,-49.96875,26.234375,-20.13608928067802,5.572964831904984,-49.96875,11.5546875,-28.252071052485736,4.18065897121906
ee80b25767f4d1act,22594,30150,train,-49.9375,29.40625,-16.901513190348755,4.876569905446736,-49.96875,22.3125,-26.751476114909504,5.559619223137085
ef43fc465a606f43t,21413,29721,train,-48.9375,33.5625,-12.565209131133367,2.6375082750941945,-49.96875,21.15625,-26.39168856815752,3.770823131947878
efbd281fbbc6aa82t,21323,29360,train,-49.6875,31.21875,-16.608191187641957,6.38711331147808,-49.59375,24.015625,-23.926285227927067,7.1830054616330425
efe75c178f7117a7t,22234,29919,train,-49.25,33.3125,-13.23825220614518,5.871047733794677,-49.9375,21.53125,-20.67281910653422,5.487319404584385
f088cc4cf43ba7a3t,26531,30395,train,-49.96875,30.234375,-24.035023497908174,4.853598252492079,-49.96875,15.3671875,-28.057058730313443,3.500068375207349
f10aace94f0e71aat,22146,29787,train,-49.34375,27.140625,-15.033255792541885,3.142276241259117,-49.96875,18.734375,-28.175397006102738,3.7968417703478727
f13b7f0b18085a63t,21241,28818,train,-49.9375,28.203125,-18.055685822442094,3.4512736229146808,-49.9375,9.7578125,-29.053383389575465,2.405593499489103
f16fe7fee9a1af85t,22106,29418,train,-49.96875,33.8125,-15.81470530474245,7.340395187417622,-49.90625,28.234375,-22.350985696960468,5.920956007255807
f1e3a6752bc36801t,21485,29287,train,-45.65625,33.59375,-10.566916747685474,2.6825990834749285,-49.90625,22.375,-25.22608031210084,5.088046273985287
f34be14cd0e389c3t,22526,29971,train,-49.78125,27.40625,-18.956605640090423,5.48993956925866,-49.96875,24.890625,-26.643592886906912,5.747903485220678
f3936bffaacaba62t,21524,29530,train,-48.40625,28.703125,-13.731130399060739,2.3457388352441773,-49.90625,28.359375,-26.618641757719914,4.933373323754767
f5ce2dc15a39b593t,21425,29528,train,-48.9375,31.375,-11.233503974122579,2.9546258548126705,-49.90625,21.5625,-27.703319557195165,4.468193845562645
f5ee5641e3b18047t,22451,30148,train,-49.90625,16.234375,-18.58526967486577,3.765320799362378,-49.96875,4.375,-30.18630966970405,2.4419384971486626
f600c5d90dfa03f0t,28387,30185,train,-49.96875,29.453125,-20.688660606975308,3.4284763362861423,-49.96875,12.3984375,-29.222157610787995,2.3768600076451936
f61a164e315103cat,24516,28674,train,-49.59375,33.71875,-14.829108479609618,6.261808201072555,-49.875,20.78125,-24.026255568243364,7.403367741672114
f63896a602214505t,21564,29810,train,-49.96875,34.3125,-12.915225470679344,3.48725822723608,-49.96875,22.90625,-23.23315247403654,5.942554853212216
f6b5a419821987b9t,28403,30190,train,-49.9375,28.65625,-18.90839744917067,3.7672000781939294,-49.96875,8.0078125,-29.21007658870103,2.384535068383871
f6d2a17c1c2616e9t,22047,29822,train,-49.375,33.25,-15.643879832707912,3.341504016456685,-49.78125,23.703125,-26.93481533790137,5.332559425546597
f71770d9201b1f1ft,21965,30215,train,-49.40625,32.96875,-14.04665225751072,5.145514966254255,-49.84375,26.875,-24.305640507295138,6.96918690972622
f733ad34593819e5t,21503,28677,train,-49.6875,27.515625,-15.171558579357505,3.565180925662109,-49.96875,23.234375,-28.967701402359328,3.9998386006193396
f9961bf6b79bd903t,21503,28677,train,-49.875,25.890625,-14.718167485391497,2.61157567393507,-49.96875,24.015625,-28.16800161881288,3.442838154892615
faf21fcc4268346ft,21663,29529,train,-49.875,25.890625,-12.82701898735613,2.88668229460199,-49.96875,9.1953125,-29.22855932727142,2.3346867615713793
fafc240a3e4dee41t,21844,29505,train,-49.875,28.71875,-20.52329115179382,3.3175586496442255,-49.9375,23.109375,-30.07262231623102,2.494294974951516
fb69376a4ea59b08t,21425,29366,train,-49.96875,29.6875,-13.705765661798491,6.682508442199861,-49.9375,23.46875,-20.323187469718434,6.495428977234584
fb8a31a891e2759ft,21814,29331,train,-49.5625,32.46875,-12.853433903921356,3.20472357197282,-49.9375,28.5625,-20.821921497831195,4.837398266844217
fcb087ef16a3268et,22185,29747,train,-49.375,17.296875,-14.753731882073078,2.301877318663936,-49.90625,4.09765625,-29.622846121137883,2.3994531481349
fd5e92b48c9ffe88t,22599,30219,train,-47.375,31.03125,-10.672295232923616,2.63101957011211,-49.9375,8.0390625,-28.270393497706923,2.573515644768807
fd607095d9c03a3dt,21413,29721,train,-48.8125,31.859375,-14.104078586047242,2.420818456254706,-49.8125,20.53125,-28.150825048018053,4.2286231277827495
fd7ade6bfba514a7t,21729,29502,train,-49.6875,28.453125,-17.577298434063742,4.063751153834246,-49.90625,11.96875,-30.00787048314086,2.4994945853921413
fe3458fcb008a6dct,21449,29110,train,-49.96875,25.359375,-20.181530325873023,7.715519740178335,-49.96875,21.625,-26.903438420080217,6.557212888229109
fea6150eac15a9det,22145,29790,train,-49.875,25.96875,-17.86371872689849,3.922990864048132,-49.9375,17.9375,-28.46886173859587,3.830049680241902
ff38b8d51eae41dat,24267,29246,train,-49.875,24.09375,-12.681312618632184,2.982771925501328,-49.96875,9.0625,-28.366503782615478,2.4974192390277135
ff3ca85afae81988t,21330,29396,train,-49.28125,29.96875,-15.267469928814418,5.331781105860601,-49.78125,22.84375,-23.764911595316313,6.9281516124213
ff55662cc239f09bt,21418,29481,train,-49.9375,30.875,-14.858599679565721,3.8827965215342033,-49.96875,21.375,-28.758185929866467,4.607458064107993
0157baf3866b2cf9v,24644,28760,validation,-49.96875,32.53125,-10.576237132446568,5.396308608599166,-49.96875,23.921875,-17.405168143720296,5.0984449690928715
0d8ed29b0760dc59v,21565,29509,validation,-49.90625,24.53125,-20.250485325743224,7.546355879896859,-49.90625,20.546875,-27.033703432918166,5.997221339987539
0e309957cef7bdc8v,24636,28758,validation,-49.4375,31.640625,-9.115271895918854,4.436302796281255,-49.9375,22.796875,-16.362276840425007,4.922770117214923
128443d1e98e2839v,22033,28362,validation,-49.9375,29.78125,-17.01690616872186,6.493415058951238,-49.96875,20.6875,-25.28704431456435,7.24217658001747
13dd786ee6c95e06v,22223,29864,validation,-48.09375,33.15625,-11.721135510930193,4.1208502124562925,-49.71875,20.984375,-19.62701183013844,5.436642193811058
204e657a411faf4dv,21913,30079,validation,-49.03125,33.0,-20.33073794026359,3.7124012620138793,-49.84375,18.390625,-29.692950079150915,3.5680620828727605
264ed833a13b7f2av,22223,29865,validation,-49.875,31.84375,-12.918021891677482,4.7168749035795,-49.96875,21.40625,-20.36804553651571,5.49709342456218
2e80028071b89173v,22701,30229,validation,-49.8125,30.5625,-17.31348537727144,8.31320719418694,-49.90625,23.46875,-24.028518259698604,7.9474527430981965
335f9a411884e9cbv,21968,30217,validation,-49.96875,33.625,-14.681272159591698,3.8776529136215694,-49.96875,22.609375,-25.165351380915062,5.759651531574005
36076e547370064ev,21553,29375,validation,-49.96875,32.5625,-19.132248770941516,6.121432954717473,-49.96875,20.6875,-26.248950651086393,5.740236416432618
377410f6ab9824dfv,24510,28670,validation,-49.96875,32.96875,-18.221059984852815,8.736962374387343,-49.90625,20.578125,-24.06604966308101,7.359548039653672
3808f5703f0920bfv,21390,29127,validation,-47.34375,32.5625,-12.975590332572027,4.332107529980214,-49.8125,22.28125,-21.825122423384826,6.616974020328766
39268d50efe8dae9v,21967,30218,validation,-49.15625,31.546875,-11.093500520115983,3.8216469740831496,-49.96875,23.1875,-24.729856764742273,5.905122372392374
3ceef682fbe4930av,24527,28717,validation,-49.75,33.125,-9.67985909420732,5.44198283149048,-49.84375,18.96875,-16.394289319891577,4.797513601900854
3fe00bf7beab8812v,21553,29374,validation,-49.6875,25.9375,-22.5034985995647,7.516508641270476,-49.875,21.375,-26.308006190608797,5.653924052615964
487b4884f467c94av,21498,28980,validation,-49.625,28.328125,-17.64882822691578,5.620274776773962,-49.875,15.53125,-25.865281603437364,6.390286950160807
4a97701b4bd81bf7v,21942,29911,validation,-47.375,33.5,-10.499366312334429,3.2603477812568693,-49.84375,22.328125,-25.280619297822344,4.341313445996064
4da9db72dea50504v,24508,28674,validation,-49.84375,33.875,-16.065056115342998,7.027621969498891,-49.96875,19.671875,-23.8557334167438,7.5311972727377485
590dd08f71056cacv,24522,28676,validation,-49.90625,33.46875,-15.1161917747758,6.220405674472249,-49.9375,19.609375,-24.01607909697134,7.274869912412018
5c3d986db930f848v,22106,29325,validation,-48.9375,28.96875,-18.064625654266287,6.956078913789021,-49.78125,20.5625,-26.056363325276184,5.434483295313321
5e9a2c1bcf179e9bv,26544,30396,validation,-49.6875,29.921875,-12.685418006654091,2.3347925006377572,-49.9375,15.03125,-27.65542078128713,3.373529211652029
65d6f6baee882077v,21973,28356,validation,-49.25,26.625,-12.363398243700367,5.597181014675558,-49.90625,17.125,-20.041244075267116,6.387148810748484
6a2b6ddecd398c6fv,22597,30214,validation,-48.9375,32.75,-14.647565391687971,3.277723108706443,-49.9375,10.5703125,-29.26931401004473,2.6707295404501266
758991708403f218v,21890,28204,validation,-49.875,25.4375,-19.74217869049743,4.069374538806656,-49.84375,13.0859375,-28.234821047977352,4.183167901659741
75c03770095c6d9ev,21906,28240,validation,-49.96875,26.96875,-14.16630102130837,7.755736837876792,-49.96875,19.5,-21.762558026989097,8.186403933600076
7b7e837a7ac5a880v,21896,28184,validation,-49.96875,27.71875,-18.871181330050696,4.1098985752683665,-49.875,19.109375,-28.32321372513531,4.301689916109691
8204efcfe9f09f94v,21624,29672,validation,-49.1875,28.359375,-17.96042085965738,6.274519074233855,-49.9375,20.234375,-25.275554934625593,6.455532330115386
844545c005776fb1v,21971,28356,validation,-49.90625,26.96875,-13.374419850508556,6.11724695114455,-49.78125,17.3125,-20.468412911854024,6.213152225983992
94dca5e4de2edcf8v,21682,30103,validation,-49.8125,33.15625,-17.24115575255078,6.982351500970783,-49.75,22.828125,-24.13920299096649,6.445690532633947
9a5aa7310c195f14v,22233,29915,validation,-48.90625,32.0,-13.83408197860946,6.392907391014985,-49.625,21.703125,-20.456551522017698,5.506357217546761
9b89b9dcce7dc85ev,24522,28674,validation,-49.65625,32.9375,-14.920727412052473,6.4772664997142195,-49.78125,20.40625,-23.732954118542732,7.51159529576986
9c418af4acd217d1v,22061,30126,validation,-49.25,33.625,-17.476074119472823,4.690147087654188,-49.875,21.25,-28.05892729180737,5.277278450397411
9ea5029406691ce4v,22701,30230,validation,-49.6875,31.234375,-12.332307854957655,4.629989186145097,-49.84375,24.59375,-23.867205860772863,7.4296351364138316
a1a21a222e244555v,21892,28204,validation,-49.96875,25.09375,-22.83727244807602,5.137146768395263,-49.9375,12.28125,-28.297949388936694,4.190560092651068
a6073537a4ea5fb9v,21966,30211,validation,-49.96875,33.125,-20.668092660021824,8.131201802671127,-49.96875,22.546875,-24.88560771193483,6.59325013649702
a9a58462f221a9eev,21659,29530,validation,-48.0625,33.4375,-9.90631433479463,2.5975782612127976,-49.96875,20.84375,-23.789202554135528,4.285404398021581
acf76647ba3f524bv,21680,30099,validation,-49.9375,33.4375,-20.215506255329647,8.386053700562428,-49.96875,22.484375,-24.595788708617786,6.317175864521247
b1844cde847a3942v,24512,28676,validation,-49.9375,28.609375,-20.486130654229573,9.59181516088378,-49.96875,19.5,-24.467208488653807,6.903864293603795
c5ea6da5405bfac0v,21659,29532,validation,-49.6875,33.46875,-16.111629381990838,4.697808880853199,-49.96875,21.65625,-25.580245122718313,5.421386195162874
c8bbfb37522617e9v,21680,30099,validation,-49.3125,33.875,-14.715300028442055,5.534010496176063,-49.9375,22.625,-23.360215933013215,7.067182471874525
cd36e75010a021f7v,22046,29823,validation,-49.9375,31.9375,-18.521330106570073,5.738957330190945,-49.9375,19.171875,-27.224134046925826,5.387155723410572
cd4f6ff86f9f5991v,21967,30214,validation,-49.34375,33.28125,-12.877933877960444,3.7365812907996263,-49.96875,22.5625,-24.50457538989695,6.48005730522711
cdc04ca397865356v,18882,28143,validation,-49.9375,30.90625,-17.852455820912464,3.9903335556918353,-49.96875,20.578125,-28.222863585885978,3.2155088311452134
e40c9251a4fce150v,21966,30211,validation,-49.65625,32.375,-15.765920370090985,5.2070454754056374,-49.8125,22.296875,-25.159358474988636,6.187907277724054
eeddcc0db3cff0d8v,22061,30126,validation,-49.9375,33.1875,-24.260447080990282,7.475155224202166,-49.96875,20.640625,-27.80657728547325,5.967362344199866
f298dbd78ef977d5v,21942,29912,validation,-49.78125,32.6875,-16.308322462496037,4.265957264072855,-49.9375,22.671875,-26.909073412943872,5.298329487943786
f9eb760aaf6e798dv,21624,29673,validation,-48.75,28.03125,-18.970156882251967,7.713047919175231,-49.65625,21.34375,-25.31162920124277,6.486890302704817
fc2f57371370c521v,26560,30402,validation,-49.96875,31.625,-19.43171989257285,3.9114637020183767,-49.96875,15.46875,-28.303213966601106,3.5294648715071473
fc483682c621b54bv,21892,28202,validation,-49.9375,26.390625,-20.740050870316853,4.497367169765539,-49.96875,13.59375,-28.23909330284568,4.168458868492504
fe6a8d80fb5ebb8ev,21553,29374,validation,-49.96875,32.25,-18.00728809441485,5.874820527530415,-49.96875,21.71875,-25.997519170355844,5.939150099263185
