scene_id,location,official_split,scenes_count_in_train,scenes_count_in_valid,scenes_count_in_test,scenes_count_in_train_and_valid,platform_instances,vessel_instances,fishing_instances,unknown_vessel,unknown_fishing,recommended_split,fold
10db2e85bdb83803p,01,test,18,4,10,22,0,0,0,0,0,test,-1
1be38ac46108f3d6p,01,test,18,4,10,22,0,0,0,0,0,test,-1
316b646ba9e80fffp,01,test,18,4,10,22,0,0,0,0,0,test,-1
48c6404968760672p,01,test,18,4,10,22,0,0,0,0,0,test,-1
4b79e501f41ae24bp,01,test,18,4,10,22,0,0,0,0,0,test,-1
4c10458c3f418697p,01,test,18,4,10,22,0,0,0,0,0,test,-1
b470c3407a770a42p,01,test,18,4,10,22,0,0,0,0,0,test,-1
b56e4a1e4f868914p,01,test,18,4,10,22,0,0,0,0,0,test,-1
d01e42687a6ebd98p,01,test,18,4,10,22,0,0,0,0,0,test,-1
f77492d9a28db605p,01,test,18,4,10,22,0,0,0,0,0,test,-1
3ff1ba62d8d3fe15t,01,train,18,4,10,22,159,117,3,50,159,train,-1
4518c556b38a5fa4t,01,train,18,4,10,22,151,69,4,37,151,train,-1
4bf6c82ef5130dabt,01,train,18,4,10,22,103,146,9,49,103,train,-1
5424f99dfa42740bt,01,train,18,4,10,22,106,110,13,60,106,train,-1
5d7acea796201046t,01,train,18,4,10,22,163,99,6,35,163,train,-1
7c2f29e97eee33b4t,01,train,18,4,10,22,108,107,17,67,108,train,-1
8379b888784a5c4et,01,train,18,4,10,22,107,105,4,59,107,train,-1
8d57dd602af81c9et,01,train,18,4,10,22,162,72,2,36,162,train,-1
8e5a122f6cd13d00t,01,train,18,4,10,22,106,133,6,33,106,train,-1
900c6dac347d1804t,01,train,18,4,10,22,107,110,9,43,107,train,-1
9eb9e3dc3225ad9at,01,train,18,4,10,22,107,137,6,77,107,train,-1
a2099e7130aba3det,01,train,18,4,10,22,107,99,5,64,107,train,-1
a45bc46512eb61f8t,01,train,18,4,10,22,109,138,10,60,109,train,-1
bd24c2e8d539f972t,01,train,18,4,10,22,157,89,6,48,157,train,-1
c8d1c8367d2fb17bt,01,train,18,4,10,22,163,79,7,66,163,train,-1
d566639ea7b7529ft,01,train,18,4,10,22,163,105,6,33,163,train,-1
d9727bc3a15cdc11t,01,train,18,4,10,22,161,77,5,38,161,train,-1
ed69eae9b34dbe1dt,01,train,18,4,10,22,162,91,3,44,162,train,-1
758991708403f218v,01,validation,18,4,10,22,180,213,3,1,271,validation,-1
7b7e837a7ac5a880v,01,validation,18,4,10,22,132,238,16,4,250,validation,-1
a1a21a222e244555v,01,validation,18,4,10,22,181,243,8,2,274,validation,-1
fc483682c621b54bv,01,validation,18,4,10,22,178,189,0,3,256,validation,-1
7eb473e8530ad759p,01-01,test,0,1,1,1,0,0,0,0,0,test,-1
75c03770095c6d9ev,01-01,validation,0,1,1,1,14,104,2,1,61,holdout,-1
028df92a2e68b7bap,02,test,21,3,11,24,0,0,0,0,0,test,-1
3ac7284f93ea5eebp,02,test,21,3,11,24,0,0,0,0,0,test,-1
4e4c221dc8fcf51cp,02,test,21,3,11,24,0,0,0,0,0,test,-1
583ae138189d9121p,02,test,21,3,11,24,0,0,0,0,0,test,-1
6ed4301901fa31fbp,02,test,21,3,11,24,0,0,0,0,0,test,-1
7dd2a5a4d2e9e27bp,02,test,21,3,11,24,0,0,0,0,0,test,-1
a68987254d557111p,02,test,21,3,11,24,0,0,0,0,0,test,-1
b5a234fb59c7534bp,02,test,21,3,11,24,0,0,0,0,0,test,-1
cf00a4d5543aa28ep,02,test,21,3,11,24,0,0,0,0,0,test,-1
e96d9df96d9359f7p,02,test,21,3,11,24,0,0,0,0,0,test,-1
fcb435fc8392121dp,02,test,21,3,11,24,0,0,0,0,0,test,-1
0d7a0261c60d39det,02,train,21,3,11,24,62,44,13,32,62,train,-1
1b24d3aa597c472dt,02,train,21,3,11,24,60,54,38,42,60,train,-1
20c5257d1ce48655t,02,train,21,3,11,24,60,37,14,38,60,train,-1
2dbf62ac709047c5t,02,train,21,3,11,24,61,39,15,75,61,train,-1
2f53eb6658f5d979t,02,train,21,3,11,24,61,70,55,45,61,train,-1
52d56395768fb8a7t,02,train,21,3,11,24,60,30,15,40,60,train,-1
63ad51bc14ca8b5dt,02,train,21,3,11,24,57,20,1,36,57,train,-1
6ffc913c4655b43ft,02,train,21,3,11,24,59,61,41,50,59,train,-1
7990e9589b9ff3bft,02,train,21,3,11,24,64,110,83,61,64,train,-1
7b4768c0684c4202t,02,train,21,3,11,24,61,28,1,36,61,train,-1
81f64a8d90b22463t,02,train,21,3,11,24,61,62,36,34,61,train,-1
91bbc8bbf928daa7t,02,train,21,3,11,24,59,14,0,27,59,train,-1
9817cbd5b4d6b39bt,02,train,21,3,11,24,64,95,71,56,64,train,-1
c470441906b228bct,02,train,21,3,11,24,58,48,33,39,58,train,-1
c509afa2ac424339t,02,train,21,3,11,24,61,21,1,29,61,train,-1
c9ba0778c396fd2dt,02,train,21,3,11,24,62,45,20,42,62,train,-1
da781384de903b8dt,02,train,21,3,11,24,61,28,2,59,61,train,-1
dec90016c05fe502t,02,train,21,3,11,24,55,42,30,42,55,train,-1
e5e4bf0c579362bdt,02,train,21,3,11,24,57,41,22,49,57,train,-1
efe75c178f7117a7t,02,train,21,3,11,24,61,21,2,33,61,train,-1
f16fe7fee9a1af85t,02,train,21,3,11,24,63,36,2,48,63,train,-1
13dd786ee6c95e06v,02,validation,21,3,11,24,73,205,28,1,230,validation,-1
264ed833a13b7f2av,02,validation,21,3,11,24,66,165,1,9,210,validation,-1
9a5aa7310c195f14v,02,validation,21,3,11,24,72,126,0,3,174,validation,-1
4b44c68f7c8568d1p,03,test,9,1,6,10,0,0,0,0,0,test,-1
bb5624cc1d16b8fap,03,test,9,1,6,10,0,0,0,0,0,test,-1
e2bbd74535e7c15ep,03,test,9,1,6,10,0,0,0,0,0,test,-1
ebbbee77e0b8bfbdp,03,test,9,1,6,10,0,0,0,0,0,test,-1
f9e403da040d714cp,03,test,9,1,6,10,0,0,0,0,0,test,-1
fc4b0beddcead106p,03,test,9,1,6,10,0,0,0,0,0,test,-1
00a035722196ee86t,03,train,9,1,6,10,79,18,0,17,79,train,-1
15f54b14e9f30002t,03,train,9,1,6,10,83,19,1,27,83,train,-1
26aeea063185784ft,03,train,9,1,6,10,83,18,4,17,83,train,-1
53b7f8d891f5eeb9t,03,train,9,1,6,10,82,17,2,17,82,train,-1
6c8db47df2fe48edt,03,train,9,1,6,10,83,10,2,15,83,train,-1
7adee9ec4133b2f5t,03,train,9,1,6,10,80,21,6,17,80,train,-1
ad53bfd630e65f56t,03,train,9,1,6,10,84,30,4,10,84,train,-1
b71fc521ffaf08c6t,03,train,9,1,6,10,80,21,1,18,80,train,-1
e5ee19f0c67db895t,03,train,9,1,6,10,85,19,2,31,85,train,-1
3ceef682fbe4930av,03,validation,9,1,6,10,100,125,3,0,204,holdout,-1
208a9d1f469a80e1p,04,test,6,2,9,8,0,0,0,0,0,test,-1
3490e55a56c16bb2p,04,test,6,2,9,8,0,0,0,0,0,test,-1
55281e894b4445dfp,04,test,6,2,9,8,0,0,0,0,0,test,-1
9afdf1b6ba2e069ep,04,test,6,2,9,8,0,0,0,0,0,test,-1
a530e2211543439fp,04,test,6,2,9,8,0,0,0,0,0,test,-1
a9d696790d9049e4p,04,test,6,2,9,8,0,0,0,0,0,test,-1
c67bdcb0b2e1900dp,04,test,6,2,9,8,0,0,0,0,0,test,-1
cf10d2ab427c6aedp,04,test,6,2,9,8,0,0,0,0,0,test,-1
fb8dc6ae0258a3afp,04,test,6,2,9,8,0,0,0,0,0,test,-1
1a28df2c4f294a32t,04,train,6,2,9,8,0,110,62,22,0,train,-1
1efb6ea530bdaf60t,04,train,6,2,9,8,0,106,36,25,0,train,-1
64e674072952e056t,04,train,6,2,9,8,0,92,39,18,0,train,-1
9f4272dbcb587ba6t,04,train,6,2,9,8,0,98,27,19,0,train,-1
bd5727a5a3efd4b6t,04,train,6,2,9,8,0,125,58,35,0,train,-1
e6ed69d28d60111bt,04,train,6,2,9,8,0,103,58,22,0,train,-1
4a97701b4bd81bf7v,04,validation,6,2,9,8,43,256,7,0,240,validation,-1
f298dbd78ef977d5v,04,validation,6,2,9,8,50,260,57,0,194,validation,-1
378b5295550233fdp,05,test,11,5,2,16,0,0,0,0,0,test,-1
b4c1eaaa7c866b9fp,05,test,11,5,2,16,0,0,0,0,0,test,-1
3dff8354d244a4b1t,05,train,11,5,2,16,128,134,6,33,128,train,-1
425980ed6b6bcd2dt,05,train,11,5,2,16,130,112,1,40,130,train,-1
6b9ebb042f62284bt,05,train,11,5,2,16,137,130,0,49,137,train,-1
7ad36b8e9f95ba1at,05,train,11,5,2,16,129,146,6,41,129,train,-1
8bbd3d39cfc96b94t,05,train,11,5,2,16,118,122,10,53,118,train,-1
90c677f83c4e18a9t,05,train,11,5,2,16,122,123,5,45,122,train,-1
c0869b2f6131bc1ft,05,train,11,5,2,16,128,128,8,50,128,train,-1
cb63265c445495d3t,05,train,11,5,2,16,107,127,1,53,107,train,-1
ccb90e31357c33e2t,05,train,11,5,2,16,125,116,4,68,125,train,-1
e42a50089e03990ft,05,train,11,5,2,16,125,129,7,51,125,train,-1
f61a164e315103cat,05,train,11,5,2,16,83,109,4,41,83,train,-1
377410f6ab9824dfv,05,validation,11,5,2,16,197,378,4,5,420,validation,-1
4da9db72dea50504v,05,validation,11,5,2,16,216,311,6,3,414,validation,-1
590dd08f71056cacv,05,validation,11,5,2,16,200,432,14,8,488,validation,-1
9b89b9dcce7dc85ev,05,validation,11,5,2,16,202,370,16,2,432,validation,-1
b1844cde847a3942v,05,validation,11,5,2,16,226,494,5,2,570,validation,-1
3a0fff47ada3e269p,06-01,test,28,7,18,35,0,0,0,0,0,test,-1
4159a9f531f3d47bp,06-01,test,28,7,18,35,0,0,0,0,0,test,-1
65ae570b5b68a457p,06-01,test,28,7,18,35,0,0,0,0,0,test,-1
73dfbbae75e2c4afp,06-01,test,28,7,18,35,0,0,0,0,0,test,-1
8bac7ec905895b12p,06-01,test,28,7,18,35,0,0,0,0,0,test,-1
8fa41141d2deecddp,06-01,test,28,7,18,35,0,0,0,0,0,test,-1
91706faae26617dfp,06-01,test,28,7,18,35,0,0,0,0,0,test,-1
91d26819874ac012p,06-01,test,28,7,18,35,0,0,0,0,0,test,-1
97e4833c46771a67p,06-01,test,28,7,18,35,0,0,0,0,0,test,-1
a120eaecce41a817p,06-01,test,28,7,18,35,0,0,0,0,0,test,-1
a81e8e14f1088dd6p,06-01,test,28,7,18,35,0,0,0,0,0,test,-1
b771e72b21c08775p,06-01,test,28,7,18,35,0,0,0,0,0,test,-1
bd1cc97a119f32a7p,06-01,test,28,7,18,35,0,0,0,0,0,test,-1
c078ff51eb54a68fp,06-01,test,28,7,18,35,0,0,0,0,0,test,-1
c955f0f8ab5fba60p,06-01,test,28,7,18,35,0,0,0,0,0,test,-1
ec00f105aafbade6p,06-01,test,28,7,18,35,0,0,0,0,0,test,-1
ef2b8625068f4a2cp,06-01,test,28,7,18,35,0,0,0,0,0,test,-1
faa8f01547a98a3dp,06-01,test,28,7,18,35,0,0,0,0,0,test,-1
259bfaadbd205fd6t,06-01,train,28,7,18,35,1,66,20,9,1,train,-1
2e65e3387885c951t,06-01,train,28,7,18,35,0,57,16,8,0,train,-1
50008c4857597ff9t,06-01,train,28,7,18,35,0,104,60,16,0,train,-1
54be1401e87a5342t,06-01,train,28,7,18,35,1,56,21,8,1,train,-1
58b5df0f62fe4095t,06-01,train,28,7,18,35,1,64,26,13,1,train,-1
6520e198cf82c335t,06-01,train,28,7,18,35,1,55,16,7,1,train,-1
6639ab26d7492c23t,06-01,train,28,7,18,35,1,69,23,17,1,train,-1
6e1991bfa385622bt,06-01,train,28,7,18,35,0,68,24,14,0,train,-1
72dba3e82f782f67t,06-01,train,28,7,18,35,2,69,15,19,2,train,-1
7ef4c0b43632e3ect,06-01,train,28,7,18,35,1,52,19,11,1,train,-1
81205e3e86fdc03ct,06-01,train,28,7,18,35,1,46,4,7,1,train,-1
864390795b0439b1t,06-01,train,28,7,18,35,1,50,23,13,1,train,-1
87d6924a66019e86t,06-01,train,28,7,18,35,0,53,11,12,0,train,-1
89bb0e9ac6a53fe4t,06-01,train,28,7,18,35,0,96,58,19,0,train,-1
8f6b9d16ddf7ae18t,06-01,train,28,7,18,35,1,54,28,15,1,train,-1
994a95128e83814et,06-01,train,28,7,18,35,1,74,36,18,1,train,-1
99e2878f43a8dea8t,06-01,train,28,7,18,35,1,65,25,13,1,train,-1
a92edc51bc96a82ft,06-01,train,28,7,18,35,0,53,17,15,0,train,-1
b0af958a83dfa742t,06-01,train,28,7,18,35,1,48,16,8,1,train,-1
b79219738b444482t,06-01,train,28,7,18,35,1,74,40,15,1,train,-1
bfd3c03fc4ab0ff1t,06-01,train,28,7,18,35,1,76,32,16,1,train,-1
cb76f950b71cf9c3t,06-01,train,28,7,18,35,1,45,15,11,1,train,-1
cf66b6594747703et,06-01,train,28,7,18,35,2,49,15,10,2,train,-1
e2080ba3bcbb0febt,06-01,train,28,7,18,35,2,46,6,7,2,train,-1
e98f90071c73034dt,06-01,train,28,7,18,35,1,48,13,10,1,train,-1
ee80b25767f4d1act,06-01,train,28,7,18,35,1,60,21,14,1,train,-1
f34be14cd0e389c3t,06-01,train,28,7,18,35,1,50,23,9,1,train,-1
f71770d9201b1f1ft,06-01,train,28,7,18,35,1,61,17,11,1,train,-1
2e80028071b89173v,06-01,validation,28,7,18,35,220,432,5,0,586,validation,-1
335f9a411884e9cbv,06-01,validation,28,7,18,35,57,199,31,2,189,validation,-1
39268d50efe8dae9v,06-01,validation,28,7,18,35,49,160,13,0,153,validation,-1
9ea5029406691ce4v,06-01,validation,28,7,18,35,133,223,12,1,300,validation,-1
a6073537a4ea5fb9v,06-01,validation,28,7,18,35,170,239,53,6,290,validation,-1
cd4f6ff86f9f5991v,06-01,validation,28,7,18,35,41,155,23,0,123,validation,-1
e40c9251a4fce150v,06-01,validation,28,7,18,35,130,219,46,0,255,validation,-1
0e4184cf9349fd21p,06-04,test,12,2,5,14,0,0,0,0,0,test,-1
147ff9559f6c4acap,06-04,test,12,2,5,14,0,0,0,0,0,test,-1
2e34969519aa0560p,06-04,test,12,2,5,14,0,0,0,0,0,test,-1
47a6c015656e8b59p,06-04,test,12,2,5,14,0,0,0,0,0,test,-1
dddd245098f44e34p,06-04,test,12,2,5,14,0,0,0,0,0,test,-1
155dfbd96eb4d17ft,06-04,train,12,2,5,14,1,93,28,19,1,train,-1
2398ea5e6161fce1t,06-04,train,12,2,5,14,1,61,12,13,1,train,-1
242dfb16966f7a22t,06-04,train,12,2,5,14,1,111,55,23,1,train,-1
58befc0e74207bb0t,06-04,train,12,2,5,14,1,81,38,17,1,train,-1
6da0738aeb51c853t,06-04,train,12,2,5,14,1,96,36,20,1,train,-1
7a3cf52fd1b363b9t,06-04,train,12,2,5,14,1,48,7,11,1,train,-1
7d5aeadca812e8c1t,06-04,train,12,2,5,14,1,72,24,11,1,train,-1
7fd0069c92e5c65et,06-04,train,12,2,5,14,2,103,51,24,2,train,-1
aaf43d7aa7069758t,06-04,train,12,2,5,14,1,50,14,6,1,train,-1
d3d3bb16f85e5db8t,06-04,train,12,2,5,14,1,65,31,16,1,train,-1
defd726360b2117bt,06-04,train,12,2,5,14,1,104,50,21,1,train,-1
defdf1f496b29115t,06-04,train,12,2,5,14,1,105,50,21,1,train,-1
a9a58462f221a9eev,06-04,validation,12,2,5,14,16,135,3,2,98,validation,-1
c5ea6da5405bfac0v,06-04,validation,12,2,5,14,20,233,61,0,125,validation,-1
04584ce7faec545dp,06-05,test,35,8,19,43,0,0,0,0,0,test,-1
09d325c89a75fb2fp,06-05,test,35,8,19,43,0,0,0,0,0,test,-1
164729ae0bbc2358p,06-05,test,35,8,19,43,0,0,0,0,0,test,-1
399dbfd2487e980ep,06-05,test,35,8,19,43,0,0,0,0,0,test,-1
4b1b83716a642acdp,06-05,test,35,8,19,43,0,0,0,0,0,test,-1
5f9ed0bd30dcdbafp,06-05,test,35,8,19,43,0,0,0,0,0,test,-1
6e4c6a97d3c7c2e1p,06-05,test,35,8,19,43,0,0,0,0,0,test,-1
7119b11a38e7c715p,06-05,test,35,8,19,43,0,0,0,0,0,test,-1
7c57843242b0201fp,06-05,test,35,8,19,43,0,0,0,0,0,test,-1
860e65f9f3191ffdp,06-05,test,35,8,19,43,0,0,0,0,0,test,-1
9fb688d5679f0d52p,06-05,test,35,8,19,43,0,0,0,0,0,test,-1
a8e857e0c0b75cc0p,06-05,test,35,8,19,43,0,0,0,0,0,test,-1
aad0cc0c9ff85960p,06-05,test,35,8,19,43,0,0,0,0,0,test,-1
b0b4729bdfa985b4p,06-05,test,35,8,19,43,0,0,0,0,0,test,-1
c85ce5de0e3da0acp,06-05,test,35,8,19,43,0,0,0,0,0,test,-1
e3a1d9e56b75258ap,06-05,test,35,8,19,43,0,0,0,0,0,test,-1
f8faec96336219e9p,06-05,test,35,8,19,43,0,0,0,0,0,test,-1
f9db277f662e8bcap,06-05,test,35,8,19,43,0,0,0,0,0,test,-1
f9fd0c2000d1a632p,06-05,test,35,8,19,43,0,0,0,0,0,test,-1
0222c037f32357b7t,06-05,train,35,8,19,43,230,63,3,40,230,train,-1
0e89decdecef87f6t,06-05,train,35,8,19,43,3,76,33,22,3,train,-1
281b452fd630e5edt,06-05,train,35,8,19,43,106,44,5,15,106,train,-1
2fd149a7a74e44e2t,06-05,train,35,8,19,43,92,50,5,9,92,train,-1
4ae61dece54a1ffat,06-05,train,35,8,19,43,92,69,14,26,92,train,-1
5de8db290dd3c22at,06-05,train,35,8,19,43,97,78,18,21,97,train,-1
5ef47cf7f8f5bd2bt,06-05,train,35,8,19,43,100,32,3,10,100,train,-1
68131f10aed5c5a2t,06-05,train,35,8,19,43,253,122,30,48,253,train,-1
6cc6c82d8ea7ee70t,06-05,train,35,8,19,43,117,41,10,26,117,train,-1
6e2a1802be281c75t,06-05,train,35,8,19,43,93,52,12,11,93,train,-1
6f3e6b05cf9d127at,06-05,train,35,8,19,43,264,101,18,59,264,train,-1
78fde272efeb9d56t,06-05,train,35,8,19,43,126,76,30,13,126,train,-1
7e4e3fc3b7ae4010t,06-05,train,35,8,19,43,117,53,13,13,117,train,-1
966f52e31397313at,06-05,train,35,8,19,43,89,53,8,13,89,train,-1
a08d07f4f8522f12t,06-05,train,35,8,19,43,249,67,3,32,249,train,-1
a791f9b908c03325t,06-05,train,35,8,19,43,255,118,18,46,255,train,-1
a8d09b13ad09a61ft,06-05,train,35,8,19,43,91,56,8,14,91,train,-1
a93585b23276b758t,06-05,train,35,8,19,43,260,85,9,54,260,train,-1
b1de75699207dc07t,06-05,train,35,8,19,43,100,91,40,28,100,train,-1
b95ab45640844f93t,06-05,train,35,8,19,43,111,39,3,7,111,train,-1
b96043cd9db76297t,06-05,train,35,8,19,43,254,96,15,47,254,train,-1
bc3cf9dc5abd3c65t,06-05,train,35,8,19,43,255,108,28,50,255,train,-1
bfb1a1a4b3247b7dt,06-05,train,35,8,19,43,130,80,24,24,130,train,-1
c1c7c66e0af111a2t,06-05,train,35,8,19,43,266,98,11,71,266,train,-1
c80be20a6835cf84t,06-05,train,35,8,19,43,246,87,11,44,246,train,-1
c9dba890e4b5cd17t,06-05,train,35,8,19,43,127,68,19,17,127,train,-1
cef19abab25e4e41t,06-05,train,35,8,19,43,254,90,24,55,254,train,-1
d444263ef681815ft,06-05,train,35,8,19,43,247,51,1,26,247,train,-1
d683e6b515f4366ct,06-05,train,35,8,19,43,120,76,23,6,120,train,-1
decee5b74fa7c8b9t,06-05,train,35,8,19,43,121,59,9,17,121,train,-1
e038a8902265782dt,06-05,train,35,8,19,43,3,75,37,24,3,train,-1
eba22dd5e0378888t,06-05,train,35,8,19,43,258,110,45,41,258,train,-1
f088cc4cf43ba7a3t,06-05,train,35,8,19,43,185,130,37,56,185,train,-1
f63896a602214505t,06-05,train,35,8,19,43,111,35,3,13,111,train,-1
f6d2a17c1c2616e9t,06-05,train,35,8,19,43,114,100,34,18,114,train,-1
5e9a2c1bcf179e9bv,06-05,validation,35,8,19,43,581,305,25,3,779,validation,-1
94dca5e4de2edcf8v,06-05,validation,35,8,19,43,170,252,35,1,320,validation,-1
9c418af4acd217d1v,06-05,validation,35,8,19,43,30,148,44,1,94,validation,-1
acf76647ba3f524bv,06-05,validation,35,8,19,43,185,312,29,2,394,validation,-1
c8bbfb37522617e9v,06-05,validation,35,8,19,43,173,236,7,1,346,validation,-1
cd36e75010a021f7v,06-05,validation,35,8,19,43,345,138,23,1,417,validation,-1
eeddcc0db3cff0d8v,06-05,validation,35,8,19,43,33,183,34,0,130,validation,-1
fc2f57371370c521v,06-05,validation,35,8,19,43,751,325,38,3,965,validation,-1
02649c5fc4f85dadp,08,test,42,7,31,49,0,0,0,0,0,test,-1
194f3bdadc2cfa77p,08,test,42,7,31,49,0,0,0,0,0,test,-1
393423c276915692p,08,test,42,7,31,49,0,0,0,0,0,test,-1
3f71dc298e5495a3p,08,test,42,7,31,49,0,0,0,0,0,test,-1
536f7125d67a8bd1p,08,test,42,7,31,49,0,0,0,0,0,test,-1
5af616b150417f93p,08,test,42,7,31,49,0,0,0,0,0,test,-1
6781b073f2a775ddp,08,test,42,7,31,49,0,0,0,0,0,test,-1
679f1af0ae91e23ep,08,test,42,7,31,49,0,0,0,0,0,test,-1
6e3be36f2c7f8ea5p,08,test,42,7,31,49,0,0,0,0,0,test,-1
6ee297d992606341p,08,test,42,7,31,49,0,0,0,0,0,test,-1
7206577c7d749746p,08,test,42,7,31,49,0,0,0,0,0,test,-1
933b6baa26232ea1p,08,test,42,7,31,49,0,0,0,0,0,test,-1
93cd69e7a7ca7b2ap,08,test,42,7,31,49,0,0,0,0,0,test,-1
96243441ec3405bdp,08,test,42,7,31,49,0,0,0,0,0,test,-1
9ff6ca8c41ef83d6p,08,test,42,7,31,49,0,0,0,0,0,test,-1
a47cf4cb45d501f0p,08,test,42,7,31,49,0,0,0,0,0,test,-1
a76d555e99908b29p,08,test,42,7,31,49,0,0,0,0,0,test,-1
b3e3e7e69363dc60p,08,test,42,7,31,49,0,0,0,0,0,test,-1
b51f83abc0cc85b0p,08,test,42,7,31,49,0,0,0,0,0,test,-1
bb5e117ceb370c0fp,08,test,42,7,31,49,0,0,0,0,0,test,-1
bfb779f1016d9fabp,08,test,42,7,31,49,0,0,0,0,0,test,-1
c2b14a380239aca9p,08,test,42,7,31,49,0,0,0,0,0,test,-1
c3b1a84a0a12bb6ep,08,test,42,7,31,49,0,0,0,0,0,test,-1
cd2f9c68441ec247p,08,test,42,7,31,49,0,0,0,0,0,test,-1
cd67e528fd692386p,08,test,42,7,31,49,0,0,0,0,0,test,-1
dfa80e10f1e1e51cp,08,test,42,7,31,49,0,0,0,0,0,test,-1
e1860cdaa987d3bbp,08,test,42,7,31,49,0,0,0,0,0,test,-1
ead5ce0a5460a901p,08,test,42,7,31,49,0,0,0,0,0,test,-1
f2d3f202f288915fp,08,test,42,7,31,49,0,0,0,0,0,test,-1
f72465088b4c4276p,08,test,42,7,31,49,0,0,0,0,0,test,-1
ffc117c4c9e3e523p,08,test,42,7,31,49,0,0,0,0,0,test,-1
0529e724568c8139t,08,train,42,7,31,49,61,74,53,50,61,train,-1
05bc615a9b0e1159t,08,train,42,7,31,49,0,15,5,16,0,train,-1
10007119e443780dt,08,train,42,7,31,49,72,83,34,58,72,train,-1
1e609174508bdc98t,08,train,42,7,31,49,73,71,28,67,73,train,-1
2757e53eccea715dt,08,train,42,7,31,49,76,57,24,54,76,train,-1
2899cfb18883251bt,08,train,42,7,31,49,30,124,92,42,30,train,-1
2cbcc7123f0abf01t,08,train,42,7,31,49,74,100,66,37,74,train,-1
32757383221a9c49t,08,train,42,7,31,49,5,84,51,23,5,train,-1
351c9bfded60c563t,08,train,42,7,31,49,77,69,19,51,77,train,-1
356a255bd8e6ba21t,08,train,42,7,31,49,76,59,23,37,76,train,-1
3d1beb1c19e1fa0ct,08,train,42,7,31,49,68,73,55,52,68,train,-1
4cc85a40bffc135et,08,train,42,7,31,49,77,28,3,41,77,train,-1
50f39eee83812d56t,08,train,42,7,31,49,0,18,8,13,0,train,-1
541e463a617cc648t,08,train,42,7,31,49,77,67,36,35,77,train,-1
5d84646dd926df6ct,08,train,42,7,31,49,72,80,46,36,72,train,-1
66c82cfa6336aca3t,08,train,42,7,31,49,73,49,10,64,73,train,-1
70f29a17a192ae59t,08,train,42,7,31,49,67,118,96,73,67,train,-1
7928fdf5e6bb1ddet,08,train,42,7,31,49,70,102,74,105,70,train,-1
793f931ebbc36eedt,08,train,42,7,31,49,73,49,21,21,73,train,-1
7ef67f5bd2f89841t,08,train,42,7,31,49,62,44,11,48,62,train,-1
835f7629c3a3a9abt,08,train,42,7,31,49,0,61,34,16,0,train,-1
8480745167d53140t,08,train,42,7,31,49,68,51,17,41,68,train,-1
84bf42140b589d17t,08,train,42,7,31,49,69,36,9,29,69,train,-1
874dd7fe8f2c9d51t,08,train,42,7,31,49,73,69,39,34,73,train,-1
8ca84c319893f38bt,08,train,42,7,31,49,72,97,60,61,72,train,-1
959d542c6499e1c6t,08,train,42,7,31,49,75,49,8,29,75,train,-1
95ee747a5f5537b6t,08,train,42,7,31,49,0,68,31,15,0,train,-1
96277abaf6bc4bc6t,08,train,42,7,31,49,68,28,2,34,68,train,-1
96a47459a14c36b1t,08,train,42,7,31,49,78,52,14,35,78,train,-1
99fe489a18011c9bt,08,train,42,7,31,49,69,72,30,44,69,train,-1
9a1bf021948b6591t,08,train,42,7,31,49,0,51,23,11,0,train,-1
9d33f04f97b135c4t,08,train,42,7,31,49,76,95,53,43,76,train,-1
9e577d948f0af8eat,08,train,42,7,31,49,65,102,77,38,65,train,-1
a01bb50ca3b5e156t,08,train,42,7,31,49,77,97,64,45,77,train,-1
a19667d54d0b4623t,08,train,42,7,31,49,5,86,50,30,5,train,-1
ad8f5edcec272001t,08,train,42,7,31,49,74,37,10,25,74,train,-1
b44881f238ef0beet,08,train,42,7,31,49,72,37,14,81,72,train,-1
c02417eaffffc8bat,08,train,42,7,31,49,72,93,53,67,72,train,-1
d546b16a2e492dd9t,08,train,42,7,31,49,71,73,43,22,71,train,-1
dcf7b37dd15d6d94t,08,train,42,7,31,49,68,51,16,49,68,train,-1
ed0c665bb3f1c673t,08,train,42,7,31,49,66,26,6,17,66,train,-1
fe3458fcb008a6dct,08,train,42,7,31,49,68,36,11,53,68,train,-1
0d8ed29b0760dc59v,08,validation,42,7,31,49,99,242,57,0,254,validation,-1
36076e547370064ev,08,validation,42,7,31,49,134,374,16,1,441,validation,-1
3fe00bf7beab8812v,08,validation,42,7,31,49,81,347,15,3,363,validation,-1
487b4884f467c94av,08,validation,42,7,31,49,78,388,12,10,399,validation,-1
8204efcfe9f09f94v,08,validation,42,7,31,49,171,357,5,1,475,validation,-1
f9eb760aaf6e798dv,08,validation,42,7,31,49,136,287,16,2,353,validation,-1
fe6a8d80fb5ebb8ev,08,validation,42,7,31,49,80,412,50,14,415,validation,-1
0e815a40b2fbdc76p,09,test,20,4,12,24,0,0,0,0,0,test,-1
1585bea1dd4f53d7p,09,test,20,4,12,24,0,0,0,0,0,test,-1
1c904ce36a05bdddp,09,test,20,4,12,24,0,0,0,0,0,test,-1
3bc01ebcedc7e328p,09,test,20,4,12,24,0,0,0,0,0,test,-1
3bf860605432b22cp,09,test,20,4,12,24,0,0,0,0,0,test,-1
4f1ac44118a7cc96p,09,test,20,4,12,24,0,0,0,0,0,test,-1
731d32175b833ef3p,09,test,20,4,12,24,0,0,0,0,0,test,-1
8d61683b20c1e693p,09,test,20,4,12,24,0,0,0,0,0,test,-1
96073f72b4353f84p,09,test,20,4,12,24,0,0,0,0,0,test,-1
c1bf8654b1202c6ap,09,test,20,4,12,24,0,0,0,0,0,test,-1
d59d370ce11ac58dp,09,test,20,4,12,24,0,0,0,0,0,test,-1
ed7647eaf1bfdbdep,09,test,20,4,12,24,0,0,0,0,0,test,-1
0791adb6b1cef4f1t,09,train,20,4,12,24,103,30,1,31,103,train,-1
095f2289c23951e5t,09,train,20,4,12,24,110,59,7,42,110,train,-1
0bf0a06609a9c0e8t,09,train,20,4,12,24,98,25,4,34,98,train,-1
299e4401a2311732t,09,train,20,4,12,24,105,53,2,37,105,train,-1
2ae2b77095e9e6eat,09,train,20,4,12,24,101,28,1,26,101,train,-1
3363a2f83f62fa6bt,09,train,20,4,12,24,100,46,3,49,100,train,-1
35792973ba73187et,09,train,20,4,12,24,104,60,9,35,104,train,-1
3c895133d30df79ft,09,train,20,4,12,24,94,36,2,27,94,train,-1
560196fa56af9f03t,09,train,20,4,12,24,107,49,17,25,107,train,-1
75c853b1713d7e3et,09,train,20,4,12,24,104,27,4,34,104,train,-1
9e03321f0e22bf8ct,09,train,20,4,12,24,113,47,1,29,113,train,-1
9e64dbf976a3b2fat,09,train,20,4,12,24,113,39,4,39,113,train,-1
a4ca2e205513eb08t,09,train,20,4,12,24,103,24,7,35,103,train,-1
a736a57b5c252312t,09,train,20,4,12,24,99,25,3,32,99,train,-1
a7aafac0bb5d311ft,09,train,20,4,12,24,104,25,0,21,104,train,-1
ab9a7b016b3517a1t,09,train,20,4,12,24,104,39,6,30,104,train,-1
c0831dbd6d7f3c56t,09,train,20,4,12,24,110,38,8,47,110,train,-1
ced739d78afc3286t,09,train,20,4,12,24,102,20,2,34,102,train,-1
e20588f2094fd709t,09,train,20,4,12,24,104,39,2,27,104,train,-1
ec2e7ee03be7c001t,09,train,20,4,12,24,114,54,6,32,114,train,-1
0157baf3866b2cf9v,09,validation,20,4,12,24,166,175,9,3,296,validation,-1
0e309957cef7bdc8v,09,validation,20,4,12,24,171,167,6,0,312,validation,-1
65d6f6baee882077v,09,validation,20,4,12,24,174,149,5,1,273,validation,-1
844545c005776fb1v,09,validation,20,4,12,24,180,216,2,9,342,validation,-1
52f79458b164cd8dp,10,test,6,1,5,7,0,0,0,0,0,test,-1
5b44fe761873df4dp,10,test,6,1,5,7,0,0,0,0,0,test,-1
ac5b67aba4447d6bp,10,test,6,1,5,7,0,0,0,0,0,test,-1
f82beb9dab464678p,10,test,6,1,5,7,0,0,0,0,0,test,-1
f83a117333641141p,10,test,6,1,5,7,0,0,0,0,0,test,-1
32c92937954b0298t,10,train,6,1,5,7,0,26,20,2,0,train,-1
4619be5cc8f8efa2t,10,train,6,1,5,7,1,30,28,4,1,train,-1
a6e9353a35e73ed5t,10,train,6,1,5,7,8,17,15,4,8,train,-1
c07f6ec980c2c149t,10,train,6,1,5,7,3,24,20,0,3,train,-1
d92e82624c53fcf1t,10,train,6,1,5,7,0,29,25,0,0,train,-1
e0798a8e99c2568ft,10,train,6,1,5,7,12,8,5,6,12,train,-1
5c3d986db930f848v,10,validation,6,1,5,7,94,235,34,0,289,holdout,-1
0d64d7c560136c46t,11,train,12,0,0,12,2,64,10,17,2,train,-1
35fe8844d3cf8e90t,11,train,12,0,0,12,0,63,29,16,0,train,-1
3ffac35c219ec78dt,11,train,12,0,0,12,3,68,13,16,3,train,-1
60d88e85dd804048t,11,train,12,0,0,12,2,39,10,10,2,train,-1
70a79f2bc9105cfct,11,train,12,0,0,12,0,46,7,10,0,train,-1
79b156386abee71dt,11,train,12,0,0,12,1,40,21,12,1,train,-1
811cd2e1a74f4a1bt,11,train,12,0,0,12,1,52,16,15,1,train,-1
968b06adcd8ba6ect,11,train,12,0,0,12,0,49,14,17,0,train,-1
98fa8426c0e54644t,11,train,12,0,0,12,2,58,44,18,2,train,-1
e558e59cfe0428bct,11,train,12,0,0,12,2,44,5,5,2,train,-1
f733ad34593819e5t,11,train,12,0,0,12,2,56,5,16,2,train,-1
f9961bf6b79bd903t,11,train,12,0,0,12,2,46,8,10,2,train,-1
7b6fffb4b1066ad7t,12,train,1,1,0,2,7,63,39,21,7,train,-1
3808f5703f0920bfv,12,validation,1,1,0,2,12,143,29,0,110,holdout,-1
0bc18737319f2ce6p,13,test,3,1,7,4,0,0,0,0,0,test,-1
0d30f9dfc2891b6bp,13,test,3,1,7,4,0,0,0,0,0,test,-1
4c01ad905c337972p,13,test,3,1,7,4,0,0,0,0,0,test,-1
570f8bf76cac1d94p,13,test,3,1,7,4,0,0,0,0,0,test,-1
66a20d213523e230p,13,test,3,1,7,4,0,0,0,0,0,test,-1
84bc065b1b9de04ep,13,test,3,1,7,4,0,0,0,0,0,test,-1
d1318f6812c769d9p,13,test,3,1,7,4,0,0,0,0,0,test,-1
1a8fb9a0310267c2t,13,train,3,1,7,4,7,34,4,13,7,train,-1
737007d9bade79cat,13,train,3,1,7,4,7,38,4,15,7,train,-1
fd5e92b48c9ffe88t,13,train,3,1,7,4,5,49,11,23,5,train,-1
6a2b6ddecd398c6fv,13,validation,3,1,7,4,217,197,7,5,368,holdout,-1
0ba924e8cea5521at,14,train,14,0,0,14,2,54,39,14,2,train,-1
5ce96ac4b9d96771t,14,train,14,0,0,14,1,56,43,7,1,train,-1
5ce96b81f98e10b1t,14,train,14,0,0,14,1,51,40,7,1,train,-1
5d82450b8170a3f6t,14,train,14,0,0,14,1,67,52,10,1,train,-1
61b732b793693dddt,14,train,14,0,0,14,1,41,28,9,1,train,-1
6cb73d04ce974f63t,14,train,14,0,0,14,1,112,99,10,1,train,-1
748e5bd1919f86bct,14,train,14,0,0,14,1,52,37,16,1,train,-1
84c3d3db1e2b6d72t,14,train,14,0,0,14,1,67,56,9,1,train,-1
8c6b3a041ba1aa4ft,14,train,14,0,0,14,1,71,57,20,1,train,-1
afbb0908b0b4d74ft,14,train,14,0,0,14,2,50,34,6,2,train,-1
bd107d8b11227e84t,14,train,14,0,0,14,1,52,37,4,1,train,-1
d65838d1b71f58d2t,14,train,14,0,0,14,2,57,42,10,2,train,-1
d8437097339a3a0at,14,train,14,0,0,14,2,54,36,5,2,train,-1
d89c0f2ec5c4f159t,14,train,14,0,0,14,1,73,63,16,1,train,-1
76cdbc9b5865bacap,19,test,114,0,3,114,0,0,0,0,0,test,-1
a82a5752dc3b9169p,19,test,114,0,3,114,0,0,0,0,0,test,-1
e0014d3f663cb473p,19,test,114,0,3,114,0,0,0,0,0,test,-1
056b8a6c832e58b8t,19,train,114,0,3,114,0,42,6,10,0,train,-1
08f0d6cf1c6f8a24t,19,train,114,0,3,114,0,50,15,15,0,train,-1
08f46b67e01aa8bft,19,train,114,0,3,114,0,69,57,15,0,train,-1
0aba50e606eddffet,19,train,114,0,3,114,0,71,38,12,0,train,-1
0db76c51a4705a03t,19,train,114,0,3,114,0,54,20,3,0,train,-1
0edb4a514cda2059t,19,train,114,0,3,114,0,56,4,7,0,train,-1
103b0364a04ffb72t,19,train,114,0,3,114,0,69,19,12,0,train,-1
1185066a6428bc12t,19,train,114,0,3,114,0,49,8,9,0,train,-1
148eb0604dc27f81t,19,train,114,0,3,114,0,75,1,18,0,train,-1
14cf98f55e11ff77t,19,train,114,0,3,114,0,47,4,8,0,train,-1
14fd3a1d7421adc3t,19,train,114,0,3,114,0,51,6,14,0,train,-1
156845d347e67d21t,19,train,114,0,3,114,0,63,2,14,0,train,-1
15c5f80e44c85aedt,19,train,114,0,3,114,0,59,23,16,0,train,-1
1d524c9710c4a63dt,19,train,114,0,3,114,0,11,10,19,0,train,-1
21aa0c9005f6cc48t,19,train,114,0,3,114,0,45,11,12,0,train,-1
25448a2c04b3b3adt,19,train,114,0,3,114,0,66,8,11,0,train,-1
27365130efc9044dt,19,train,114,0,3,114,0,52,18,18,0,train,-1
28faafcae2ac2ea9t,19,train,114,0,3,114,0,47,4,9,0,train,-1
2ef89b1ed1b11bc6t,19,train,114,0,3,114,0,57,10,4,0,train,-1
31aa116cf4206abbt,19,train,114,0,3,114,0,55,15,11,0,train,-1
3225958292ca7026t,19,train,114,0,3,114,0,45,17,7,0,train,-1
36ca6b0a73c90d7ft,19,train,114,0,3,114,0,53,3,14,0,train,-1
36f65996e2b0c370t,19,train,114,0,3,114,0,58,29,10,0,train,-1
37e433b85b129c58t,19,train,114,0,3,114,0,37,5,14,0,train,-1
395dcf560a56ff39t,19,train,114,0,3,114,0,41,6,11,0,train,-1
3ad5477688c0f037t,19,train,114,0,3,114,0,110,77,26,0,train,-1
3d4088738ad96e2ft,19,train,114,0,3,114,0,60,1,8,0,train,-1
3dc5d0203f3e93cct,19,train,114,0,3,114,0,43,13,15,0,train,-1
41487f7fc75d4061t,19,train,114,0,3,114,0,41,6,13,0,train,-1
499f55afff1504e4t,19,train,114,0,3,114,0,87,80,17,0,train,-1
4e0d962071553392t,19,train,114,0,3,114,0,59,18,14,0,train,-1
4fdb5a85e9e35df2t,19,train,114,0,3,114,0,45,7,7,0,train,-1
505b7c1351cfc23et,19,train,114,0,3,114,0,45,9,7,0,train,-1
520531f7bd49af0at,19,train,114,0,3,114,0,53,10,11,0,train,-1
541b3cd4b325ed80t,19,train,114,0,3,114,0,64,28,12,0,train,-1
5520b576b9ec01cbt,19,train,114,0,3,114,0,67,7,13,0,train,-1
56845bb84513029et,19,train,114,0,3,114,0,47,7,13,0,train,-1
578ae5a86cca4a1ct,19,train,114,0,3,114,0,54,38,11,0,train,-1
5b08c2518d12f428t,19,train,114,0,3,114,0,73,67,22,0,train,-1
5d959d196231886ft,19,train,114,0,3,114,0,65,39,17,0,train,-1
5f94185c147336bbt,19,train,114,0,3,114,0,51,22,14,0,train,-1
6399551ff091c08dt,19,train,114,0,3,114,0,59,14,7,0,train,-1
662ae46aea259849t,19,train,114,0,3,114,0,63,15,17,0,train,-1
689303f07e882115t,19,train,114,0,3,114,0,44,8,9,0,train,-1
6bcb8721cdabfe60t,19,train,114,0,3,114,0,49,1,7,0,train,-1
6cac412d082f3545t,19,train,114,0,3,114,0,48,4,5,0,train,-1
7060a820c566d5d3t,19,train,114,0,3,114,0,43,3,16,0,train,-1
7508e51622c6c70ft,19,train,114,0,3,114,0,53,6,17,0,train,-1
763a7d9820a9bf57t,19,train,114,0,3,114,3,53,20,8,3,train,-1
7c9338dba0e736fbt,19,train,114,0,3,114,0,45,1,8,0,train,-1
7d62d3e8667c59e2t,19,train,114,0,3,114,0,68,1,14,0,train,-1
7e706e444d071261t,19,train,114,0,3,114,0,72,56,21,0,train,-1
7e7d516d2a585038t,19,train,114,0,3,114,3,52,27,6,3,train,-1
8315d57d774a64fft,19,train,114,0,3,114,0,59,9,11,0,train,-1
8325eea6c95aa16at,19,train,114,0,3,114,0,53,8,10,0,train,-1
8b2315e31031c460t,19,train,114,0,3,114,0,51,10,11,0,train,-1
8b50b02886bea2bat,19,train,114,0,3,114,0,42,7,10,0,train,-1
8c385bd4c70b8eedt,19,train,114,0,3,114,0,60,17,13,0,train,-1
8ea7a53ff471dcc0t,19,train,114,0,3,114,0,44,8,11,0,train,-1
8f764a5a695ca272t,19,train,114,0,3,114,0,38,7,14,0,train,-1
9089b8058edd2077t,19,train,114,0,3,114,0,97,83,29,0,train,-1
91391abad6e631b0t,19,train,114,0,3,114,0,64,5,9,0,train,-1
91a578e5a7eeffc3t,19,train,114,0,3,114,0,44,11,10,0,train,-1
9520f593279a5024t,19,train,114,0,3,114,0,7,6,24,0,train,-1
9c4703bf071fc332t,19,train,114,0,3,114,0,51,12,12,0,train,-1
9c8a210404573ebct,19,train,114,0,3,114,0,49,20,8,0,train,-1
9db22c8b04f4d851t,19,train,114,0,3,114,0,45,16,9,0,train,-1
9ec616cf6e471491t,19,train,114,0,3,114,0,47,4,8,0,train,-1
a01f78741f8c5fd0t,19,train,114,0,3,114,0,52,16,2,0,train,-1
a09dc3d2ed7d8429t,19,train,114,0,3,114,0,49,2,12,0,train,-1
a2d2f88f4e06648bt,19,train,114,0,3,114,0,63,18,21,0,train,-1
a3767022f1d7d964t,19,train,114,0,3,114,0,40,12,16,0,train,-1
a5576e6ffe696e92t,19,train,114,0,3,114,0,54,1,7,0,train,-1
a73dda2cd2e9032ft,19,train,114,0,3,114,0,48,4,3,0,train,-1
a8bb096f8ee27b50t,19,train,114,0,3,114,0,51,37,18,0,train,-1
adbc789d3c248b30t,19,train,114,0,3,114,0,47,2,6,0,train,-1
af1dcb34e9004163t,19,train,114,0,3,114,0,54,1,7,0,train,-1
b0d9965dde8d5276t,19,train,114,0,3,114,0,48,11,30,0,train,-1
b3fab7c013743b66t,19,train,114,0,3,114,0,44,13,12,0,train,-1
b57201e9d0f56867t,19,train,114,0,3,114,0,58,12,8,0,train,-1
b8507a4cc7a04e72t,19,train,114,0,3,114,0,54,0,11,0,train,-1
ba737e36cc3bbbd6t,19,train,114,0,3,114,0,52,7,5,0,train,-1
ba75b20794776e82t,19,train,114,0,3,114,0,52,23,8,0,train,-1
be95efd207c0eec3t,19,train,114,0,3,114,0,37,5,14,0,train,-1
c0e514dc994d58e1t,19,train,114,0,3,114,0,59,20,5,0,train,-1
c3ae9ea694b0515ct,19,train,114,0,3,114,0,39,2,14,0,train,-1
c8a08a1069c4425ct,19,train,114,0,3,114,0,50,11,17,0,train,-1
c955676015f56b2et,19,train,114,0,3,114,0,76,68,15,0,train,-1
ca1019141c8d9c5ft,19,train,114,0,3,114,0,48,12,3,0,train,-1
ca76b5344b7c65b7t,19,train,114,0,3,114,0,46,0,10,0,train,-1
cb614f1bdab8b55at,19,train,114,0,3,114,0,48,13,10,0,train,-1
cd15095665fae616t,19,train,114,0,3,114,0,50,6,9,0,train,-1
d139bedb17531d72t,19,train,114,0,3,114,0,70,14,16,0,train,-1
d21c66e73524de4dt,19,train,114,0,3,114,0,49,17,3,0,train,-1
d39961a6b0434e1et,19,train,114,0,3,114,0,49,12,13,0,train,-1
d3c6506cbc10c9d8t,19,train,114,0,3,114,0,58,8,4,0,train,-1
d9d700a11647e8e1t,19,train,114,0,3,114,0,49,1,12,0,train,-1
d9ee1c883eeee604t,19,train,114,0,3,114,0,78,20,14,0,train,-1
dac8263960d2d8b3t,19,train,114,0,3,114,0,52,15,5,0,train,-1
dec94fc54f0a3ed0t,19,train,114,0,3,114,0,58,10,11,0,train,-1
df48585ad23cb680t,19,train,114,0,3,114,0,47,10,13,0,train,-1
df8ffce5cc47bff4t,19,train,114,0,3,114,0,44,2,9,0,train,-1
e1839b29bdb8784et,19,train,114,0,3,114,0,54,14,10,0,train,-1
e3d9aa7f83854b07t,19,train,114,0,3,114,0,43,11,8,0,train,-1
eb7b92263f79f93et,19,train,114,0,3,114,0,62,4,7,0,train,-1
f13b7f0b18085a63t,19,train,114,0,3,114,0,41,2,12,0,train,-1
f5ee5641e3b18047t,19,train,114,0,3,114,3,73,40,7,3,train,-1
f600c5d90dfa03f0t,19,train,114,0,3,114,0,62,7,8,0,train,-1
f6b5a419821987b9t,19,train,114,0,3,114,0,50,10,9,0,train,-1
faf21fcc4268346ft,19,train,114,0,3,114,0,45,2,8,0,train,-1
fafc240a3e4dee41t,19,train,114,0,3,114,0,50,15,9,0,train,-1
fcb087ef16a3268et,19,train,114,0,3,114,0,47,12,6,0,train,-1
fd7ade6bfba514a7t,19,train,114,0,3,114,0,50,3,3,0,train,-1
ff38b8d51eae41dat,19,train,114,0,3,114,0,58,5,12,0,train,-1
04eaff94e7e1ac22t,20,train,36,0,0,36,0,69,34,20,0,train,-1
089f0b9da2bd9135t,20,train,36,0,0,36,0,54,31,14,0,train,-1
1630d57d3094f376t,20,train,36,0,0,36,0,68,25,12,0,train,-1
1c4647cd277daa4ft,20,train,36,0,0,36,0,54,21,8,0,train,-1
38f9472cabab9764t,20,train,36,0,0,36,1,76,28,20,1,train,-1
3a59308f69e588d4t,20,train,36,0,0,36,0,61,27,15,0,train,-1
3ee4437aceebd62at,20,train,36,0,0,36,0,67,26,13,0,train,-1
403fc53a4997293et,20,train,36,0,0,36,0,64,22,12,0,train,-1
4c4af230613862fat,20,train,36,0,0,36,0,47,12,4,0,train,-1
5b1ba006587b2719t,20,train,36,0,0,36,0,47,2,8,0,train,-1
66c3f99ab4d73753t,20,train,36,0,0,36,0,62,15,13,0,train,-1
695846e152fac09ft,20,train,36,0,0,36,1,40,3,17,1,train,-1
6c6d4eeb85912ebbt,20,train,36,0,0,36,0,41,0,11,0,train,-1
7a536b98f97647fft,20,train,36,0,0,36,0,66,27,18,0,train,-1
821593907c14c5c2t,20,train,36,0,0,36,0,66,23,12,0,train,-1
82bf03b374aa66cat,20,train,36,0,0,36,0,46,1,11,0,train,-1
8330020283039ab8t,20,train,36,0,0,36,0,82,35,18,0,train,-1
8956e9a18f4aed1ct,20,train,36,0,0,36,0,78,29,19,0,train,-1
91b3ca2616525cd3t,20,train,36,0,0,36,0,45,3,12,0,train,-1
97c29ab9c3a2f16et,20,train,36,0,0,36,0,80,49,17,0,train,-1
997bd5928025595ft,20,train,36,0,0,36,0,57,3,4,0,train,-1
9d8690a60069c75bt,20,train,36,0,0,36,0,68,14,5,0,train,-1
ba457551e57dfbbat,20,train,36,0,0,36,0,61,26,9,0,train,-1
ba57ef446e79f9bbt,20,train,36,0,0,36,0,85,32,8,0,train,-1
bab763815dcb375ct,20,train,36,0,0,36,0,62,31,11,0,train,-1
cb8739fc1f4a23ddt,20,train,36,0,0,36,0,49,17,10,0,train,-1
ce67b3d05ca18efct,20,train,36,0,0,36,0,63,28,12,0,train,-1
d3a4f7e784fef3cbt,20,train,36,0,0,36,0,43,1,8,0,train,-1
d84b3f5f0524fc28t,20,train,36,0,0,36,0,68,13,14,0,train,-1
e237fa73fe7d2606t,20,train,36,0,0,36,0,67,20,12,0,train,-1
e5c27b871caed701t,20,train,36,0,0,36,0,72,33,15,0,train,-1
e60a66b65de9fbact,20,train,36,0,0,36,0,91,37,12,0,train,-1
efbd281fbbc6aa82t,20,train,36,0,0,36,1,77,36,27,1,train,-1
f5ce2dc15a39b593t,20,train,36,0,0,36,0,55,19,7,0,train,-1
ff3ca85afae81988t,20,train,36,0,0,36,0,48,1,9,0,train,-1
ff55662cc239f09bt,20,train,36,0,0,36,0,97,42,18,0,train,-1
0469e65162c0b509t,21,train,9,0,0,9,5,85,35,17,5,train,-1
26e37b1a179bf806t,21,train,9,0,0,9,3,85,45,15,3,train,-1
565d6f57aa924329t,21,train,9,0,0,9,4,67,23,18,4,train,-1
5d45cb2dc3c48d8bt,21,train,9,0,0,9,4,59,23,21,4,train,-1
6de3dd8d23684472t,21,train,9,0,0,9,2,89,45,20,2,train,-1
801619a1ec9fdc55t,21,train,9,0,0,9,2,76,28,12,2,train,-1
dc9ce5a4575da652t,21,train,9,0,0,9,3,113,67,13,3,train,-1
f10aace94f0e71aat,21,train,9,0,0,9,4,70,32,21,4,train,-1
fea6150eac15a9det,21,train,9,0,0,9,4,69,37,18,4,train,-1
0229f98a344d7a5ct,22,train,44,0,0,44,1,64,21,2,1,train,-1
060add30418568b9t,22,train,44,0,0,44,1,80,14,8,1,train,-1
10615061cd28e01bt,22,train,44,0,0,44,1,79,38,14,1,train,-1
134d7a7bbadd439dt,22,train,44,0,0,44,1,50,4,7,1,train,-1
17154479bdaed9d6t,22,train,44,0,0,44,1,49,6,7,1,train,-1
1a78d90e54c8fceat,22,train,44,0,0,44,1,82,35,13,1,train,-1
1dc96ae2d71da600t,22,train,44,0,0,44,1,75,26,11,1,train,-1
24ffe6419e6a555ft,22,train,44,0,0,44,1,47,0,8,1,train,-1
25b647117570170et,22,train,44,0,0,44,2,75,37,10,2,train,-1
28feb275233b93e6t,22,train,44,0,0,44,1,59,15,5,1,train,-1
298cc8fe01c22ffat,22,train,44,0,0,44,2,92,50,11,2,train,-1
3d6d9b174ccae548t,22,train,44,0,0,44,1,55,17,5,1,train,-1
46354a5328752264t,22,train,44,0,0,44,1,81,37,13,1,train,-1
4ed8885dcab1951at,22,train,44,0,0,44,2,98,43,13,2,train,-1
56c3ffef51f41c4ft,22,train,44,0,0,44,2,75,36,7,2,train,-1
5c0b8bc182426e9bt,22,train,44,0,0,44,1,61,29,13,1,train,-1
685b99498b7f238at,22,train,44,0,0,44,1,49,20,10,1,train,-1
70c22e83de0db11dt,22,train,44,0,0,44,1,64,37,2,1,train,-1
736395c42c565615t,22,train,44,0,0,44,2,55,14,9,2,train,-1
776e4275e3864bf4t,22,train,44,0,0,44,1,51,15,7,1,train,-1
8235ecb79dde8f28t,22,train,44,0,0,44,1,88,45,4,1,train,-1
83bf47e54523fc40t,22,train,44,0,0,44,1,48,9,8,1,train,-1
876ba61d558b3219t,22,train,44,0,0,44,1,46,15,8,1,train,-1
896ce26722571c56t,22,train,44,0,0,44,1,81,40,8,1,train,-1
8cbafe5678dfaa68t,22,train,44,0,0,44,1,64,4,9,1,train,-1
9248ece0de6d2cc1t,22,train,44,0,0,44,1,63,15,7,1,train,-1
9b0047ed225bbb48t,22,train,44,0,0,44,1,61,18,10,1,train,-1
9b9bc4686a9a9836t,22,train,44,0,0,44,1,64,15,12,1,train,-1
9ecafe67043f52b9t,22,train,44,0,0,44,2,129,84,15,2,train,-1
a217df61f185e083t,22,train,44,0,0,44,1,69,34,9,1,train,-1
a6cc8189393d43f4t,22,train,44,0,0,44,1,86,39,15,1,train,-1
ac5e85b00197a71et,22,train,44,0,0,44,1,51,5,10,1,train,-1
bbb1871646993b03t,22,train,44,0,0,44,1,90,2,12,1,train,-1
bfabbbabf97d790bt,22,train,44,0,0,44,2,68,36,14,2,train,-1
c6a5bb44be16ead4t,22,train,44,0,0,44,1,51,6,7,1,train,-1
cac3de96657db5d5t,22,train,44,0,0,44,2,67,24,15,2,train,-1
ceb5525beabcab49t,22,train,44,0,0,44,1,56,11,11,1,train,-1
ceca26efe6e4eedft,22,train,44,0,0,44,1,50,5,10,1,train,-1
d516ab18a5559ea9t,22,train,44,0,0,44,1,54,1,5,1,train,-1
d6578d3ffc84da6bt,22,train,44,0,0,44,2,59,16,12,2,train,-1
d70d16ddc6ae2d71t,22,train,44,0,0,44,2,48,4,9,2,train,-1
d722cabda385fe79t,22,train,44,0,0,44,1,68,36,7,1,train,-1
db68648691defa60t,22,train,44,0,0,44,1,52,20,10,1,train,-1
e708a9d9bbf65144t,22,train,44,0,0,44,1,79,36,15,1,train,-1
05fe55bba83519ebt,23,train,12,0,0,12,2,103,24,7,2,train,-1
23b7870dac4a7d1dt,23,train,12,0,0,12,0,138,25,13,0,train,-1
25285dd4a014196et,23,train,12,0,0,12,2,133,36,23,2,train,-1
2a96e1e4747841a5t,23,train,12,0,0,12,4,132,37,26,4,train,-1
343a331c9517d53ct,23,train,12,0,0,12,2,152,31,30,2,train,-1
3bb75810a96a5310t,23,train,12,0,0,12,3,165,44,44,3,train,-1
43a358383ba8a35et,23,train,12,0,0,12,4,87,12,11,4,train,-1
7bbedf6bf3310f06t,23,train,12,0,0,12,1,165,48,48,1,train,-1
8902ea166d048743t,23,train,12,0,0,12,2,129,19,16,2,train,-1
a376eb1fc39d4a84t,23,train,12,0,0,12,3,117,15,22,3,train,-1
ef43fc465a606f43t,23,train,12,0,0,12,1,98,10,7,1,train,-1
fd607095d9c03a3dt,23,train,12,0,0,12,1,131,22,23,1,train,-1
046f81a551344f8et,24,train,7,0,0,7,3,59,11,20,3,train,-1
18eae763f0fb9da6t,24,train,7,0,0,7,9,77,32,20,9,train,-1
6b048fa8c6026113t,24,train,7,0,0,7,10,94,34,21,10,train,-1
835b131bebf0c2cbt,24,train,7,0,0,7,9,114,37,17,9,train,-1
8c60d6ff6db402fdt,24,train,7,0,0,7,6,122,49,22,6,train,-1
9f57aace246e3852t,24,train,7,0,0,7,7,79,17,8,7,train,-1
d36a8f59e361b398t,24,train,7,0,0,7,5,85,21,22,5,train,-1
5dcbc770ae8216f7t,25,train,3,0,0,3,1,137,57,17,1,train,-1
611e0030483c714bt,25,train,3,0,0,3,1,135,50,25,1,train,-1
7c008c1fd6a054b5t,25,train,3,0,0,3,1,170,65,26,1,train,-1
1575073aba923cf3p,26,test,4,1,5,5,0,0,0,0,0,test,-1
6ce1fd3a685dfb98p,26,test,4,1,5,5,0,0,0,0,0,test,-1
8e8df9a7440c1243p,26,test,4,1,5,5,0,0,0,0,0,test,-1
d5fa7f04a9ae31dfp,26,test,4,1,5,5,0,0,0,0,0,test,-1
f4a820b19ab768bdp,26,test,4,1,5,5,0,0,0,0,0,test,-1
893b12c617265261t,26,train,4,1,5,5,74,9,0,12,74,train,-1
9d03f104d0bdb0e4t,26,train,4,1,5,5,74,14,1,7,74,train,-1
c3447374fc30b1a1t,26,train,4,1,5,5,72,18,0,11,72,train,-1
db0fd848475a76dbt,26,train,4,1,5,5,74,15,0,8,74,train,-1
128443d1e98e2839v,26,validation,4,1,5,5,87,61,2,3,125,holdout,-1
1723551816981769t,27,train,21,0,0,21,0,46,24,9,0,train,-1
22894e4b86d1ded4t,27,train,21,0,0,21,0,50,35,9,0,train,-1
34f6ce4f7673ea6at,27,train,21,0,0,21,0,44,29,7,0,train,-1
376ccdadb72ceb7ct,27,train,21,0,0,21,0,92,78,26,0,train,-1
456e5e6bdb01f8cbt,27,train,21,0,0,21,0,103,84,5,0,train,-1
4cb65eef4af658c0t,27,train,21,0,0,21,0,118,100,5,0,train,-1
623fc1923a45f720t,27,train,21,0,0,21,0,85,74,12,0,train,-1
629daf78f46a9d88t,27,train,21,0,0,21,0,55,46,10,0,train,-1
741e6a842c23cdadt,27,train,21,0,0,21,0,55,37,6,0,train,-1
85fe34d1aee53a7ft,27,train,21,0,0,21,0,47,31,6,0,train,-1
8813221079de23a3t,27,train,21,0,0,21,0,73,56,3,0,train,-1
91504bfd1a6e1bcbt,27,train,21,0,0,21,1,96,80,17,1,train,-1
9150dcd71d3eb84dt,27,train,21,0,0,21,0,66,47,12,0,train,-1
a1504d48f552d21ft,27,train,21,0,0,21,0,66,44,3,0,train,-1
b66c1417177840b0t,27,train,21,0,0,21,0,63,52,9,0,train,-1
bd935f0ae1205861t,27,train,21,0,0,21,2,48,34,10,2,train,-1
cbe4ad26fe73f118t,27,train,21,0,0,21,0,68,56,15,0,train,-1
d26dc44da7986edbt,27,train,21,0,0,21,0,110,99,12,0,train,-1
e9b02e333e21456ft,27,train,21,0,0,21,0,61,37,3,0,train,-1
eacb90c9b9b80205t,27,train,21,0,0,21,0,49,31,12,0,train,-1
ec8445693b2938fet,27,train,21,0,0,21,0,48,31,10,0,train,-1
02a23f3b5627213bt,28,train,20,0,0,20,3,129,48,30,3,train,-1
06cc090e2b8254a0t,28,train,20,0,0,20,2,46,7,10,2,train,-1
0ba5769a0ba7ea4at,28,train,20,0,0,20,2,98,28,14,2,train,-1
1832091c9c3235cct,28,train,20,0,0,20,4,81,29,13,4,train,-1
1b9cde9b15c8de8dt,28,train,20,0,0,20,2,91,22,13,2,train,-1
39a6368f2a05dad4t,28,train,20,0,0,20,4,130,35,14,4,train,-1
3b2874f0b35f43e1t,28,train,20,0,0,20,3,126,48,30,3,train,-1
4ebe766859ba886et,28,train,20,0,0,20,5,106,32,13,5,train,-1
7befad49cd42f361t,28,train,20,0,0,20,4,111,34,21,4,train,-1
8a6781613364d055t,28,train,20,0,0,20,5,113,40,23,5,train,-1
91222bab677ea2edt,28,train,20,0,0,20,5,105,27,21,5,train,-1
923ff111568e0d18t,28,train,20,0,0,20,2,89,5,14,2,train,-1
9667cb466b141140t,28,train,20,0,0,20,3,108,39,18,3,train,-1
a1dfd3c832f17b5et,28,train,20,0,0,20,4,95,21,19,4,train,-1
aa10fadb6bc7eb21t,28,train,20,0,0,20,5,101,40,26,5,train,-1
b0ae857ccb3bf7cat,28,train,20,0,0,20,2,85,21,13,2,train,-1
c8ca48b000cd8c11t,28,train,20,0,0,20,3,110,20,20,3,train,-1
e3572457dde1252bt,28,train,20,0,0,20,4,135,42,26,4,train,-1
e843f0f1bc39eba0t,28,train,20,0,0,20,5,88,18,10,5,train,-1
e98ca5aba8849b06t,28,train,20,0,0,20,2,102,26,19,2,train,-1
014261f774287442t,29,train,5,0,0,5,0,43,39,15,0,train,-1
066e06233b18a637t,29,train,5,0,0,5,0,47,38,13,0,train,-1
1b576e404a94347ft,29,train,5,0,0,5,0,40,30,11,0,train,-1
8de2e8c93fdd9ba6t,29,train,5,0,0,5,0,36,25,18,0,train,-1
f3936bffaacaba62t,29,train,5,0,0,5,0,43,30,10,0,train,-1
2afbfbcc8499a514p,30,test,3,0,1,3,0,0,0,0,0,test,-1
9011998cdb2715cat,30,train,3,0,1,3,13,19,18,6,13,train,-1
d3cf076c5f02d411t,30,train,3,0,1,3,8,29,27,4,8,train,-1
e8e76033e9defc83t,30,train,3,0,1,3,6,18,14,10,6,train,-1
030dfda192b77462t,31,train,5,0,0,5,4,72,46,20,4,train,-1
38cfc7bccd4a425ft,31,train,5,0,0,5,5,45,21,11,5,train,-1
3b284508384960c3t,31,train,5,0,0,5,6,34,15,12,6,train,-1
ced7ae4f740a9eb7t,31,train,5,0,0,5,4,50,29,8,4,train,-1
fb8a31a891e2759ft,31,train,5,0,0,5,5,45,18,4,5,train,-1
34e1b52fd1e409bdt,32,train,2,0,0,2,7,49,11,6,7,train,-1
41f1d693b803e19bt,32,train,2,0,0,2,1,40,16,11,1,train,-1
135ab4d000212316p,32-01,test,6,1,4,7,0,0,0,0,0,test,-1
5821c24475598bd2p,32-01,test,6,1,4,7,0,0,0,0,0,test,-1
8decb780ddc167b9p,32-01,test,6,1,4,7,0,0,0,0,0,test,-1
dff6047c947e8fb6p,32-01,test,6,1,4,7,0,0,0,0,0,test,-1
315377bda67c474ct,32-01,train,6,1,4,7,4,59,15,9,4,train,-1
3ef755faadd6cc14t,32-01,train,6,1,4,7,5,63,18,13,5,train,-1
7a6d0fa89709579ft,32-01,train,6,1,4,7,6,78,15,19,6,train,-1
a4476b8cc1b0a48et,32-01,train,6,1,4,7,5,61,11,12,5,train,-1
aec08a1bed9de27at,32-01,train,6,1,4,7,6,60,22,9,6,train,-1
df0a5fdc27e5da5bt,32-01,train,6,1,4,7,5,83,33,10,5,train,-1
204e657a411faf4dv,32-01,validation,6,1,4,7,31,145,28,0,107,holdout,-1
5fda68bfd1c4a4b9t,33,train,2,0,0,2,1,137,96,24,1,train,-1
a4e67518374415e0t,33,train,2,0,0,2,3,61,8,17,3,train,-1
883f58dc6520954ct,34,train,3,0,0,3,0,56,46,6,0,train,-1
d1e05813c04918a7t,34,train,3,0,0,3,0,49,35,15,0,train,-1
eceb1884e5d82f4dt,34,train,3,0,0,3,0,36,19,15,0,train,-1
59956f169e0bef5ct,35,train,4,0,0,4,18,118,34,29,18,train,-1
791fe574b453aec3t,35,train,4,0,0,4,16,117,45,40,16,train,-1
b418443b9491321ct,35,train,4,0,0,4,7,62,6,10,7,train,-1
f1e3a6752bc36801t,35,train,4,0,0,4,6,70,9,6,6,train,-1
fb69376a4ea59b08t,36,train,1,0,0,1,6,27,17,20,6,holdout,-1
b5857d9d4719c304p,37,test,2,1,1,3,0,0,0,0,0,test,-1
42b157923b7a27e5t,37,train,2,1,1,3,1,12,10,13,1,train,-1
58506c1164d53d58t,37,train,2,1,1,3,1,19,15,8,1,train,-1
cdc04ca397865356v,37,validation,2,1,1,3,3,59,16,0,40,holdout,-1
0dd94a7b8484235dt,38,train,3,0,0,3,1,54,43,27,1,train,-1
14b244680afe447ct,38,train,3,0,0,3,3,40,17,10,3,train,-1
3797ba64b199e86ct,38,train,3,0,0,3,4,111,73,32,4,train,-1
05ab6883bf6fff9dt,39,train,3,0,0,3,0,56,7,10,0,train,-1
26747d479201b01dt,39,train,3,0,0,3,0,49,1,7,0,train,-1
d7bb346731199e75t,39,train,3,0,0,3,0,68,0,18,0,train,-1
b7c666453bbff700t,40,train,1,0,0,1,4,40,3,12,4,holdout,-1
4455faa0cb4824f4t,41,train,1,0,0,1,25,51,41,9,25,holdout,-1
19619a997bc1c69dt,42,train,2,0,0,2,2,51,15,10,2,train,-1
5f2c3095128d4642t,42,train,2,0,0,2,3,51,17,13,3,train,-1
1f1ef57de714f5c2t,43,train,2,0,0,2,0,85,68,27,0,train,-1
dc0c4d844195f4cft,43,train,2,0,0,2,0,64,50,6,0,train,-1
b5272e098f7c7ff1t,44,train,1,0,0,1,2,59,34,21,2,holdout,-1
